id,created_at,category_id,updated_at,name
e5612263-e928-4736-951b-76b717340fbc,2025-12-30T19:31:11.92719+00:00,8bd9124b-132a-4d2b-a98c-bfb582669496,2025-12-30T19:31:11.92719+00:00,Achocolatado em Pó
3e81fc5f-859f-46b1-83e6-3d6d5161017f,2025-12-30T19:31:11.92719+00:00,e4d34e79-ec5b-4142-90f6-bdd0455aeef6,2025-12-30T19:31:11.92719+00:00,Carne Bovina
1d880b35-b67b-4950-b701-c7d9199cd3a7,2025-12-30T19:31:11.92719+00:00,e4d34e79-ec5b-4142-90f6-bdd0455aeef6,2025-12-30T19:31:11.92719+00:00,Carne Suína
724ecaf3-94d4-4b0c-9904-5ea5eb798948,2025-12-30T19:31:11.92719+00:00,e4d34e79-ec5b-4142-90f6-bdd0455aeef6,2025-12-30T19:31:11.92719+00:00,Frango
f10782e7-9c5f-4401-9e49-ff8439dc3eaa,2025-12-30T19:31:11.92719+00:00,e4d34e79-ec5b-4142-90f6-bdd0455aeef6,2025-12-30T19:31:11.92719+00:00,Hambúrguer
29b19349-1f39-415c-9a0a-8511e5aa7e0b,2025-12-30T19:31:11.92719+00:00,e4d34e79-ec5b-4142-90f6-bdd0455aeef6,2025-12-30T19:31:11.92719+00:00,Linguiça
179ae5df-d8fe-4a6b-b38a-cff70b57c2c6,2025-12-30T19:31:11.92719+00:00,e4d34e79-ec5b-4142-90f6-bdd0455aeef6,2025-12-30T19:31:11.92719+00:00,Ovos
48701f07-b5c6-4ad6-a2b6-f95b5208ca09,2025-12-30T19:31:11.92719+00:00,e4d34e79-ec5b-4142-90f6-bdd0455aeef6,2025-12-30T19:31:11.92719+00:00,Ovos de codorna
f2ed48ca-fdb2-4201-8faa-a8560bf072f3,2025-12-30T19:31:11.92719+00:00,e4d34e79-ec5b-4142-90f6-bdd0455aeef6,2025-12-30T19:31:11.92719+00:00,Peixe
e09a91d7-b58f-42b8-8b95-b513569a0807,2025-12-30T19:31:11.92719+00:00,e4d34e79-ec5b-4142-90f6-bdd0455aeef6,2025-12-30T19:31:11.92719+00:00,Salsicha
2758df83-c2cd-45aa-91e5-073614cec189,2025-12-30T19:31:11.92719+00:00,8bd9124b-132a-4d2b-a98c-bfb582669496,2025-12-30T19:31:11.92719+00:00,Cachaça
eac65cb3-9b6e-4fa5-b131-7ee801b2f6ec,2025-12-30T19:31:11.92719+00:00,8bd9124b-132a-4d2b-a98c-bfb582669496,2025-12-30T19:31:11.92719+00:00,Cerveja
da3fb939-f48d-4334-b177-cfd98e903d12,2025-12-30T19:31:11.92719+00:00,8bd9124b-132a-4d2b-a98c-bfb582669496,2025-12-30T19:31:11.92719+00:00,Champagne
97e61ecd-190d-4af7-b0b7-6fa28dd7d7eb,2025-12-30T19:31:11.92719+00:00,8bd9124b-132a-4d2b-a98c-bfb582669496,2025-12-30T19:31:11.92719+00:00,Conhaque
90f81ea1-8a47-4c5c-bcbf-dc983f865f75,2025-12-30T19:31:11.92719+00:00,8bd9124b-132a-4d2b-a98c-bfb582669496,2025-12-30T19:31:11.92719+00:00,Espumante
be72756b-a4d2-40e2-8a60-d53c87e4f568,2025-12-30T19:31:11.92719+00:00,8bd9124b-132a-4d2b-a98c-bfb582669496,2025-12-30T19:31:11.92719+00:00,Gin
defd6d1b-e05f-4f6a-ac75-5396baa58ebe,2025-12-30T19:31:11.92719+00:00,8bd9124b-132a-4d2b-a98c-bfb582669496,2025-12-30T19:31:11.92719+00:00,Licor
a4bf07f6-9b4d-40fc-ae8b-923f86d0553f,2025-12-30T19:31:11.92719+00:00,8bd9124b-132a-4d2b-a98c-bfb582669496,2025-12-30T19:31:11.92719+00:00,Rum
9e8bcc94-a026-40bb-a3d8-c43ad8891dcd,2025-12-30T19:31:11.92719+00:00,8bd9124b-132a-4d2b-a98c-bfb582669496,2025-12-30T19:31:11.92719+00:00,Sake
3e0dc720-f0cf-4b85-bdf4-cd045561f59b,2025-12-30T19:31:11.92719+00:00,8bd9124b-132a-4d2b-a98c-bfb582669496,2025-12-30T19:31:11.92719+00:00,Tequila
aed04835-0916-4e80-816b-a33a2b8ff85d,2025-12-30T19:31:11.92719+00:00,8bd9124b-132a-4d2b-a98c-bfb582669496,2025-12-30T19:31:11.92719+00:00,Vinho
6d8c5c40-c408-408f-a863-d26474b088cf,2025-12-30T19:31:11.92719+00:00,8bd9124b-132a-4d2b-a98c-bfb582669496,2025-12-30T19:31:11.92719+00:00,Vodka
ac62e0e1-4a57-4d9f-ab30-95aeb1f8d612,2025-12-30T19:31:11.92719+00:00,8bd9124b-132a-4d2b-a98c-bfb582669496,2025-12-30T19:31:11.92719+00:00,Whisky
6da7a63c-40eb-4ef9-acf0-951e62eba2a7,2025-12-30T19:31:11.92719+00:00,8bd9124b-132a-4d2b-a98c-bfb582669496,2025-12-30T19:31:11.92719+00:00,Água Mineral
b7df6f9c-37af-4d58-9f94-f1038fc1fdd6,2025-12-30T19:31:11.92719+00:00,18b94bfc-c85a-4642-bbda-968de217246a,2025-12-30T19:31:11.92719+00:00,Biscoito Água e Sal
155490d2-aa55-44ed-b0ce-878dd7b5d01b,2025-12-30T19:31:11.92719+00:00,18b94bfc-c85a-4642-bbda-968de217246a,2025-12-30T19:31:11.92719+00:00,Biscoito Cream Cracker
f600b89f-fac6-41a6-a0ad-54b4fc781a93,2025-12-30T19:31:11.92719+00:00,18b94bfc-c85a-4642-bbda-968de217246a,2025-12-30T19:31:11.92719+00:00,Biscoito de Chocolate
183ce64b-4e0b-4911-a565-7eafcba3ad29,2025-12-30T19:31:11.92719+00:00,18b94bfc-c85a-4642-bbda-968de217246a,2025-12-30T19:31:11.92719+00:00,Biscoito de Leite
40f3dd8a-7436-4c93-8c99-a28e5283d806,2025-12-30T19:31:11.92719+00:00,18b94bfc-c85a-4642-bbda-968de217246a,2025-12-30T19:31:11.92719+00:00,Biscoito de Chocolate Branco
77cba35d-a207-4229-a79b-c3e120b68ddb,2025-12-30T19:31:11.92719+00:00,18b94bfc-c85a-4642-bbda-968de217246a,2025-12-30T19:31:11.92719+00:00,Biscoito de Coco
60cd972f-9e0e-414d-ba25-df19cb774d31,2025-12-30T19:31:11.92719+00:00,18b94bfc-c85a-4642-bbda-968de217246a,2025-12-30T19:31:11.92719+00:00,Biscoito de Morango
55129703-4697-47c9-9d7e-2159e75a756d,2025-12-30T19:31:11.92719+00:00,18b94bfc-c85a-4642-bbda-968de217246a,2025-12-30T19:31:11.92719+00:00,Biscoito Maizena
9b2f7f1d-8bd3-456a-9683-a4203f38d761,2025-12-30T19:31:11.92719+00:00,18b94bfc-c85a-4642-bbda-968de217246a,2025-12-30T19:31:11.92719+00:00,Biscoito Polvilho
c9318626-c78e-4e8f-b9ee-165b224c6596,2025-12-30T19:31:11.92719+00:00,18b94bfc-c85a-4642-bbda-968de217246a,2025-12-30T19:31:11.92719+00:00,Biscoito Recheado
d8a14888-09b5-4a83-8b1b-8fd099a32cbe,2025-12-30T19:31:11.92719+00:00,18b94bfc-c85a-4642-bbda-968de217246a,2025-12-30T19:31:11.92719+00:00,Biscoito Wafer
a32eb663-9341-41d3-96eb-4ea111f9b937,2025-12-30T19:31:11.92719+00:00,8bd9124b-132a-4d2b-a98c-bfb582669496,2025-12-30T19:31:11.92719+00:00,Café
e0b17905-ef7b-4f83-8345-5c734119f381,2025-12-30T19:31:11.92719+00:00,8bd9124b-132a-4d2b-a98c-bfb582669496,2025-12-30T19:31:11.92719+00:00,Café em Cápsula
5e6d2f78-d7f3-4943-92b5-2a7636b83d9a,2025-12-30T19:31:11.92719+00:00,8bd9124b-132a-4d2b-a98c-bfb582669496,2025-12-30T19:31:11.92719+00:00,Café Solúvel
fe9bead7-7666-4059-b7ed-02ad3138014d,2025-12-30T19:31:11.92719+00:00,e4d34e79-ec5b-4142-90f6-bdd0455aeef6,2025-12-30T19:31:11.92719+00:00,Acém
532c056b-6586-4512-b748-a5129546fa59,2025-12-30T19:31:11.92719+00:00,e4d34e79-ec5b-4142-90f6-bdd0455aeef6,2025-12-30T19:31:11.92719+00:00,Alcatra
b01122b6-1df0-4800-b889-7ad1ae853db9,2025-12-30T19:31:11.92719+00:00,e4d34e79-ec5b-4142-90f6-bdd0455aeef6,2025-12-30T19:31:11.92719+00:00,Contrafilé
6bcb1d02-b70d-4fe0-b40e-67a2b5f346dd,2025-12-30T19:31:11.92719+00:00,e4d34e79-ec5b-4142-90f6-bdd0455aeef6,2025-12-30T19:31:11.92719+00:00,Costela
85582cf2-57d2-4057-ad3b-feb82bcc921f,2025-12-30T19:31:11.92719+00:00,e4d34e79-ec5b-4142-90f6-bdd0455aeef6,2025-12-30T19:31:11.92719+00:00,Coxão Duro
fbbf5c00-47f9-43e0-a169-c5e17d92b107,2025-12-30T19:31:11.92719+00:00,e4d34e79-ec5b-4142-90f6-bdd0455aeef6,2025-12-30T19:31:11.92719+00:00,Coxão Mole
8cfc66e9-ddb9-4859-87d4-aa0d74ecf423,2025-12-30T19:31:11.92719+00:00,e4d34e79-ec5b-4142-90f6-bdd0455aeef6,2025-12-30T19:31:11.92719+00:00,Filé Mignon
a7974fd3-a192-42a4-b3fa-3e2d5b140fd0,2025-12-30T19:31:11.92719+00:00,e4d34e79-ec5b-4142-90f6-bdd0455aeef6,2025-12-30T19:31:11.92719+00:00,Linguiça Calabresa
19cf5889-3089-443a-918a-7ad3830477a1,2025-12-30T19:31:11.92719+00:00,e4d34e79-ec5b-4142-90f6-bdd0455aeef6,2025-12-30T19:31:11.92719+00:00,Linguiça de Gado
16afa2f4-ef09-49a7-a8c5-1e2607674175,2025-12-30T19:31:11.92719+00:00,e4d34e79-ec5b-4142-90f6-bdd0455aeef6,2025-12-30T19:31:11.92719+00:00,Linguiça de Cabra
ce989ed9-22f9-495b-9744-d920f28de64f,2025-12-30T19:31:11.92719+00:00,e4d34e79-ec5b-4142-90f6-bdd0455aeef6,2025-12-30T19:31:11.92719+00:00,Linguiça de Carneiro
7b3b076b-2373-4c15-ae7c-914db1784ba2,2025-12-30T19:31:11.92719+00:00,e4d34e79-ec5b-4142-90f6-bdd0455aeef6,2025-12-30T19:31:11.92719+00:00,Linguiça de Frango
b8917935-b1d8-471b-a3ff-44359f99c5b8,2025-12-30T19:31:11.92719+00:00,e4d34e79-ec5b-4142-90f6-bdd0455aeef6,2025-12-30T19:31:11.92719+00:00,Linguiça de Peru
6da928ce-799c-4608-9451-f8c9ed10d8db,2025-12-30T19:31:11.92719+00:00,e4d34e79-ec5b-4142-90f6-bdd0455aeef6,2025-12-30T19:31:11.92719+00:00,Linguiça de Porco
9858f96e-08e3-41ef-b54d-4800b0792eee,2025-12-30T19:31:11.92719+00:00,e4d34e79-ec5b-4142-90f6-bdd0455aeef6,2025-12-30T19:31:11.92719+00:00,Linguiça Toscana
8f079b90-f04a-432e-9501-153af20147d1,2025-12-30T19:31:11.92719+00:00,e4d34e79-ec5b-4142-90f6-bdd0455aeef6,2025-12-30T19:31:11.92719+00:00,Bisteca americana
51b72f22-bf7f-4868-81bc-8794b92cf831,2025-12-30T19:31:11.92719+00:00,e4d34e79-ec5b-4142-90f6-bdd0455aeef6,2025-12-30T19:31:11.92719+00:00,Maminha
5914963e-9a2b-4c16-aa5f-30a94bf13101,2025-12-30T19:31:11.92719+00:00,e4d34e79-ec5b-4142-90f6-bdd0455aeef6,2025-12-30T19:31:11.92719+00:00,Paleta
d6dcf80b-e025-4834-8367-1dc08500b623,2025-12-30T19:31:11.92719+00:00,e4d34e79-ec5b-4142-90f6-bdd0455aeef6,2025-12-30T19:31:11.92719+00:00,Patinho
9b6177eb-0e0e-42c9-abef-959f5f4efc42,2025-12-30T19:31:11.92719+00:00,e4d34e79-ec5b-4142-90f6-bdd0455aeef6,2025-12-30T19:31:11.92719+00:00,Peito de Frango
07447afa-05c3-42d0-a22d-99e5aa479c85,2025-12-30T19:31:11.92719+00:00,e4d34e79-ec5b-4142-90f6-bdd0455aeef6,2025-12-30T19:31:11.92719+00:00,Picanha
6e6f19e3-2d0f-41e8-89f7-4d38a361766b,2025-12-30T19:31:11.92719+00:00,48e45f47-5b9a-482f-8cba-d27c0c42a7b6,2025-12-30T19:31:11.92719+00:00,Barra de Chocolate
a781a6c0-c2d0-4f4f-b554-00a349e996e3,2025-12-30T19:31:11.92719+00:00,48e45f47-5b9a-482f-8cba-d27c0c42a7b6,2025-12-30T19:31:11.92719+00:00,Caixa de Chocolate
a9e0ddae-e415-4197-9f96-0d8ff4aca95f,2025-12-30T19:31:11.92719+00:00,48e45f47-5b9a-482f-8cba-d27c0c42a7b6,2025-12-30T19:31:11.92719+00:00,Doce de Leite
a5bdfc83-d395-427c-b335-2ac88780e910,2025-12-30T19:31:11.92719+00:00,ed362ed5-0e31-4dcd-8da0-f59f6359bd10,2025-12-30T19:31:11.92719+00:00,Adaptador
384ddd67-38ab-49df-9675-8d364d8aa036,2025-12-30T19:31:11.92719+00:00,ed362ed5-0e31-4dcd-8da0-f59f6359bd10,2025-12-30T19:31:11.92719+00:00,Extensão
53ae3425-833c-42d7-9f1d-d2f9ca3d23f4,2025-12-30T19:31:11.92719+00:00,ed362ed5-0e31-4dcd-8da0-f59f6359bd10,2025-12-30T19:31:11.92719+00:00,Fio Elétrico
4b9e113b-e3a7-498d-9695-efdffff8f466,2025-12-30T19:31:11.92719+00:00,ed362ed5-0e31-4dcd-8da0-f59f6359bd10,2025-12-30T19:31:11.92719+00:00,Fita Adesiva
83708318-9fd3-43bd-95bd-f92a9583d172,2025-12-30T19:31:11.92719+00:00,ed362ed5-0e31-4dcd-8da0-f59f6359bd10,2025-12-30T19:31:11.92719+00:00,Fita Isolante
2cf876e5-0456-4790-a223-2e297a46b03e,2025-12-30T19:31:11.92719+00:00,ed362ed5-0e31-4dcd-8da0-f59f6359bd10,2025-12-30T19:31:11.92719+00:00,Interruptor
8635ac5b-0e70-44bd-9d36-0347b5e0f6ef,2025-12-30T19:31:11.92719+00:00,ed362ed5-0e31-4dcd-8da0-f59f6359bd10,2025-12-30T19:31:11.92719+00:00,Lâmpada
965dd865-5ed1-404b-b12d-5cec62aa8dfd,2025-12-30T19:31:11.92719+00:00,ed362ed5-0e31-4dcd-8da0-f59f6359bd10,2025-12-30T19:31:11.92719+00:00,Pilha AA
a1bfd853-a588-49dd-874e-d46fed7c2a3c,2025-12-30T19:31:11.92719+00:00,ed362ed5-0e31-4dcd-8da0-f59f6359bd10,2025-12-30T19:31:11.92719+00:00,Pilha AAA
9182d468-1d2d-49fd-821e-f8d76df523aa,2025-12-30T19:31:11.92719+00:00,ed362ed5-0e31-4dcd-8da0-f59f6359bd10,2025-12-30T19:31:11.92719+00:00,Tomada
3a2cb690-a872-41f4-8f7a-321d3efbe83e,2025-12-30T19:31:11.92719+00:00,20d6cfce-3a4b-4ae3-8e1c-29fa99480668,2025-12-30T19:31:11.92719+00:00,Apontador
20473574-8d8a-47fa-b93c-2763df4a7445,2025-12-30T19:31:11.92719+00:00,20d6cfce-3a4b-4ae3-8e1c-29fa99480668,2025-12-30T19:31:11.92719+00:00,Borracha
55b69cc5-345c-4356-baf9-93c8ff26e6db,2025-12-30T19:31:11.92719+00:00,20d6cfce-3a4b-4ae3-8e1c-29fa99480668,2025-12-30T19:31:11.92719+00:00,Caderno
1bf35b95-da26-4910-b478-0d82864dafe4,2025-12-30T19:31:11.92719+00:00,20d6cfce-3a4b-4ae3-8e1c-29fa99480668,2025-12-30T19:31:11.92719+00:00,Caneta
1efb4237-26d7-4d95-9514-1cc5499c6fe6,2025-12-30T19:31:11.92719+00:00,20d6cfce-3a4b-4ae3-8e1c-29fa99480668,2025-12-30T19:31:11.92719+00:00,Cartolina
d23d76bb-5943-4dec-9f07-5cff0d42b006,2025-12-30T19:31:11.92719+00:00,20d6cfce-3a4b-4ae3-8e1c-29fa99480668,2025-12-30T19:31:11.92719+00:00,Clips
f3ac546b-10cf-4d7e-a986-222f03ce6053,2025-12-30T19:31:11.92719+00:00,20d6cfce-3a4b-4ae3-8e1c-29fa99480668,2025-12-30T19:31:11.92719+00:00,Cola
253a05b6-31ff-46cf-8f6a-b53a942868a9,2025-12-30T19:31:11.92719+00:00,20d6cfce-3a4b-4ae3-8e1c-29fa99480668,2025-12-30T19:31:11.92719+00:00,Cola Bastão
e8a3d7b9-7c5f-4671-83d3-a897440f0838,2025-12-30T19:31:11.92719+00:00,20d6cfce-3a4b-4ae3-8e1c-29fa99480668,2025-12-30T19:31:11.92719+00:00,Corretivo
75aa56d5-a0d8-4509-a5d8-f7d25afe203a,2025-12-30T19:31:11.92719+00:00,20d6cfce-3a4b-4ae3-8e1c-29fa99480668,2025-12-30T19:31:11.92719+00:00,Envelope
d5fb645e-8a6b-4562-bdd6-5219baa4e09e,2025-12-30T19:31:11.92719+00:00,20d6cfce-3a4b-4ae3-8e1c-29fa99480668,2025-12-30T19:31:11.92719+00:00,EVA
7ccf24eb-ea92-4c2a-9cfe-dd03483701de,2025-12-30T19:31:11.92719+00:00,20d6cfce-3a4b-4ae3-8e1c-29fa99480668,2025-12-30T19:31:11.92719+00:00,Fita Adesiva
9c283a2c-092d-42af-8a10-d67fb28594b0,2025-12-30T19:31:11.92719+00:00,20d6cfce-3a4b-4ae3-8e1c-29fa99480668,2025-12-30T19:31:11.92719+00:00,Fita Crepe
6ef0bed8-41b8-4588-adb5-81c73d190f68,2025-12-30T19:31:11.92719+00:00,20d6cfce-3a4b-4ae3-8e1c-29fa99480668,2025-12-30T19:31:11.92719+00:00,Fita de Algodão
046e4b85-8efe-4222-9123-1182786fa28b,2025-12-30T19:31:11.92719+00:00,20d6cfce-3a4b-4ae3-8e1c-29fa99480668,2025-12-30T19:31:11.92719+00:00,Fita de Borracha
9fbecff6-5a03-4509-b2e2-89a3f3879b25,2025-12-30T19:31:11.92719+00:00,20d6cfce-3a4b-4ae3-8e1c-29fa99480668,2025-12-30T19:31:11.92719+00:00,Fita de Cetim
fcc2b4fc-27d2-44d3-9933-b93f703ee134,2025-12-30T19:31:11.92719+00:00,20d6cfce-3a4b-4ae3-8e1c-29fa99480668,2025-12-30T19:31:11.92719+00:00,Fita de Embalagem
e01cb9c0-7e40-443c-ae24-8b7b79788cb3,2025-12-30T19:31:11.92719+00:00,20d6cfce-3a4b-4ae3-8e1c-29fa99480668,2025-12-30T19:31:11.92719+00:00,Fita de Juta
c68cd79c-b3dd-41ce-aafc-6ac664261de3,2025-12-30T19:31:11.92719+00:00,20d6cfce-3a4b-4ae3-8e1c-29fa99480668,2025-12-30T19:31:11.92719+00:00,Fita de Lã
16b53ad6-3910-4b15-a152-f2fe33f3b4b6,2025-12-30T19:31:11.92719+00:00,20d6cfce-3a4b-4ae3-8e1c-29fa99480668,2025-12-30T19:31:11.92719+00:00,Fita de Linho
2596f8d4-fd31-49c3-b937-3a3242de4fe9,2025-12-30T19:31:11.92719+00:00,20d6cfce-3a4b-4ae3-8e1c-29fa99480668,2025-12-30T19:31:11.92719+00:00,Fita de Nylon
822f23de-dda6-45fd-9c46-ada6e01eea8c,2025-12-30T19:31:11.92719+00:00,20d6cfce-3a4b-4ae3-8e1c-29fa99480668,2025-12-30T19:31:11.92719+00:00,Fita de Poliéster
bb7276a4-0536-415e-9a35-192da44c252c,2025-12-30T19:31:11.92719+00:00,20d6cfce-3a4b-4ae3-8e1c-29fa99480668,2025-12-30T19:31:11.92719+00:00,Fita de PVC
56a5185d-f543-40cc-ac2f-811b5b76ec60,2025-12-30T19:31:11.92719+00:00,20d6cfce-3a4b-4ae3-8e1c-29fa99480668,2025-12-30T19:31:11.92719+00:00,Fita de Seda
fdc9bcfa-2475-41fa-9758-d74c7414e56a,2025-12-30T19:31:11.92719+00:00,20d6cfce-3a4b-4ae3-8e1c-29fa99480668,2025-12-30T19:31:11.92719+00:00,Fita de Seda Sintética
d2eee4f8-32e1-4144-b9c1-0164504a382e,2025-12-30T19:31:11.92719+00:00,20d6cfce-3a4b-4ae3-8e1c-29fa99480668,2025-12-30T19:31:11.92719+00:00,Fita de Veludo
c9b693a4-9bdc-4aa4-8b6d-7d21f28cbec5,2025-12-30T19:31:11.92719+00:00,20d6cfce-3a4b-4ae3-8e1c-29fa99480668,2025-12-30T19:31:11.92719+00:00,Fita Dupla Face
f22c9f3b-685f-43c7-a495-17b25aa5b480,2025-12-30T19:31:11.92719+00:00,20d6cfce-3a4b-4ae3-8e1c-29fa99480668,2025-12-30T19:31:11.92719+00:00,Fita Durex
43f182a0-cb21-4eec-86b4-e6c0b975f33f,2025-12-30T19:31:11.92719+00:00,20d6cfce-3a4b-4ae3-8e1c-29fa99480668,2025-12-30T19:31:11.92719+00:00,Fita Isolante
8344e0b5-1e34-4d37-9a5d-6976d2e2b2e5,2025-12-30T19:31:11.92719+00:00,20d6cfce-3a4b-4ae3-8e1c-29fa99480668,2025-12-30T19:31:11.92719+00:00,Fita Magnética
59cd9616-730a-4265-afea-9e3d660576f5,2025-12-30T19:31:11.92719+00:00,20d6cfce-3a4b-4ae3-8e1c-29fa99480668,2025-12-30T19:31:11.92719+00:00,Fita Métrica
dbfda4b4-92e9-41e8-bd73-942ea0cc5a11,2025-12-30T19:31:11.92719+00:00,20d6cfce-3a4b-4ae3-8e1c-29fa99480668,2025-12-30T19:31:11.92719+00:00,Folha A4
f4f42342-df51-4210-a253-3915f6da3247,2025-12-30T19:31:11.92719+00:00,20d6cfce-3a4b-4ae3-8e1c-29fa99480668,2025-12-30T19:31:11.92719+00:00,Grampeador
a9eb14ae-50b2-457b-a568-01452d5338c0,2025-12-30T19:31:11.92719+00:00,20d6cfce-3a4b-4ae3-8e1c-29fa99480668,2025-12-30T19:31:11.92719+00:00,Grampo
f8e315a4-941a-4a52-8d62-687467e65e14,2025-12-30T19:31:11.92719+00:00,20d6cfce-3a4b-4ae3-8e1c-29fa99480668,2025-12-30T19:31:11.92719+00:00,Lápis
0a5621c5-f291-4bce-a5d8-3fa909c0ba83,2025-12-30T19:31:11.92719+00:00,20d6cfce-3a4b-4ae3-8e1c-29fa99480668,2025-12-30T19:31:11.92719+00:00,Marcador
0154176b-9642-479b-8c98-e6a7cfb9e7fa,2025-12-30T19:31:11.92719+00:00,20d6cfce-3a4b-4ae3-8e1c-29fa99480668,2025-12-30T19:31:11.92719+00:00,Pincel
e19e4a8d-185c-46d5-bb2a-dc7dd327d51c,2025-12-30T19:31:11.92719+00:00,20d6cfce-3a4b-4ae3-8e1c-29fa99480668,2025-12-30T19:31:11.92719+00:00,Régua
3e64d079-8f9c-4bb2-b213-bd60f5786c1e,2025-12-30T19:31:11.92719+00:00,20d6cfce-3a4b-4ae3-8e1c-29fa99480668,2025-12-30T19:31:11.92719+00:00,Tesoura
a71c605e-47aa-4e1d-aca2-f4b5b98a6a31,2025-12-30T19:31:11.92719+00:00,20d6cfce-3a4b-4ae3-8e1c-29fa99480668,2025-12-30T19:31:11.92719+00:00,Tinta Guache
acb7b6ec-1420-40dc-a626-bf7f5ee09ae7,2025-12-30T19:31:11.92719+00:00,e4d34e79-ec5b-4142-90f6-bdd0455aeef6,2025-12-30T19:31:11.92719+00:00,Mortadela
1246650e-04bf-4d94-8fcd-d05aef872f79,2025-12-30T19:31:11.92719+00:00,e4d34e79-ec5b-4142-90f6-bdd0455aeef6,2025-12-30T19:31:11.92719+00:00,Presunto
01b020f9-bf16-44c6-94f5-c45180389aa5,2025-12-30T19:31:11.92719+00:00,48e45f47-5b9a-482f-8cba-d27c0c42a7b6,2025-12-30T19:31:11.92719+00:00,Amaranto
b39017cc-e948-4e9a-adc3-0d796fc0002a,2025-12-30T19:31:11.92719+00:00,48e45f47-5b9a-482f-8cba-d27c0c42a7b6,2025-12-30T19:31:11.92719+00:00,Amendoim
f479de06-33db-44e3-bacc-ec9e28af072b,2025-12-30T19:31:11.92719+00:00,48e45f47-5b9a-482f-8cba-d27c0c42a7b6,2025-12-30T19:31:11.92719+00:00,Arroz
dd1f3158-01b9-4a5f-8862-2b7dd4ebd62a,2025-12-30T19:31:11.92719+00:00,48e45f47-5b9a-482f-8cba-d27c0c42a7b6,2025-12-30T19:31:11.92719+00:00,Aveia
8470d4be-0ac3-47de-b867-4fa2691fdd1f,2025-12-30T19:31:11.92719+00:00,48e45f47-5b9a-482f-8cba-d27c0c42a7b6,2025-12-30T19:31:11.92719+00:00,Cânhamo
61c5cfc9-d546-42d6-a512-8b13edfa9e86,2025-12-30T19:31:11.92719+00:00,48e45f47-5b9a-482f-8cba-d27c0c42a7b6,2025-12-30T19:31:11.92719+00:00,Centeio
537a2a60-c1d5-4cc9-8dd1-263f95bccca5,2025-12-30T19:31:11.92719+00:00,48e45f47-5b9a-482f-8cba-d27c0c42a7b6,2025-12-30T19:31:11.92719+00:00,Cevada
981b449d-07b5-40f1-a7d3-a34183c280f6,2025-12-30T19:31:11.92719+00:00,48e45f47-5b9a-482f-8cba-d27c0c42a7b6,2025-12-30T19:31:11.92719+00:00,Cevadinha
b4fd86af-ba56-4547-8168-d692c42bae94,2025-12-30T19:31:11.92719+00:00,48e45f47-5b9a-482f-8cba-d27c0c42a7b6,2025-12-30T19:31:11.92719+00:00,Chia
8366542b-d5f6-4a8c-bc2d-ec55eb3b8df0,2025-12-30T19:31:11.92719+00:00,48e45f47-5b9a-482f-8cba-d27c0c42a7b6,2025-12-30T19:31:11.92719+00:00,Ervilha
686d693b-3358-45b2-b4e1-29c854b96531,2025-12-30T19:31:11.92719+00:00,48e45f47-5b9a-482f-8cba-d27c0c42a7b6,2025-12-30T19:31:11.92719+00:00,Farelo de Amaranto
ce364302-86b8-4baf-ad1f-54305597566f,2025-12-30T19:31:11.92719+00:00,48e45f47-5b9a-482f-8cba-d27c0c42a7b6,2025-12-30T19:31:11.92719+00:00,Farelo de Amaranto Integral
343c8520-2038-455b-8d76-e4167cf74295,2025-12-30T19:31:11.92719+00:00,48e45f47-5b9a-482f-8cba-d27c0c42a7b6,2025-12-30T19:31:11.92719+00:00,Farelo de Amaranto Integral Parboilizado
867e52db-7da4-4b0d-ac57-a56fb8215224,2025-12-30T19:31:11.92719+00:00,48e45f47-5b9a-482f-8cba-d27c0c42a7b6,2025-12-30T19:31:11.92719+00:00,Farelo de Amaranto Parboilizado
23deb260-f335-4269-a06c-9c2a02a6762d,2025-12-30T19:31:11.92719+00:00,48e45f47-5b9a-482f-8cba-d27c0c42a7b6,2025-12-30T19:31:11.92719+00:00,Farelo de Amendoim
ede4be15-b841-4c8b-9f83-6c0385606fdf,2025-12-30T19:31:11.92719+00:00,48e45f47-5b9a-482f-8cba-d27c0c42a7b6,2025-12-30T19:31:11.92719+00:00,Farelo de Amendoim Integral
713c073c-80d9-4b22-b15a-5ea0be9200f9,2025-12-30T19:31:11.92719+00:00,48e45f47-5b9a-482f-8cba-d27c0c42a7b6,2025-12-30T19:31:11.92719+00:00,Farelo de Amendoim Integral Parboilizado
423cdcad-7c4b-41e5-9a35-5d2f87da0f0a,2025-12-30T19:31:11.92719+00:00,48e45f47-5b9a-482f-8cba-d27c0c42a7b6,2025-12-30T19:31:11.92719+00:00,Farelo de Amendoim Parboilizado
b80faae9-0b16-4543-a91f-f9164c66262e,2025-12-30T19:31:11.92719+00:00,48e45f47-5b9a-482f-8cba-d27c0c42a7b6,2025-12-30T19:31:11.92719+00:00,Farelo de Arroz
157d0ac9-2a62-4b25-bbe1-f3d99d3f01f0,2025-12-30T19:31:11.92719+00:00,48e45f47-5b9a-482f-8cba-d27c0c42a7b6,2025-12-30T19:31:11.92719+00:00,Farelo de Arroz Integral
b35a8d19-6a08-41d5-a3a2-34f15e4652a1,2025-12-30T19:31:11.92719+00:00,48e45f47-5b9a-482f-8cba-d27c0c42a7b6,2025-12-30T19:31:11.92719+00:00,Farelo de Arroz Integral Parboilizado
e0d24d66-60cd-4e4d-b4b5-cee0c3316cba,2025-12-30T19:31:11.92719+00:00,48e45f47-5b9a-482f-8cba-d27c0c42a7b6,2025-12-30T19:31:11.92719+00:00,Farelo de Arroz Parboilizado
779af842-9394-4774-84d3-317f2c10a6e8,2025-12-30T19:31:11.92719+00:00,48e45f47-5b9a-482f-8cba-d27c0c42a7b6,2025-12-30T19:31:11.92719+00:00,Arroz Parboilizado
9b372db6-c5e6-4967-8b31-846eb7772c9b,2025-12-30T19:31:11.92719+00:00,48e45f47-5b9a-482f-8cba-d27c0c42a7b6,2025-12-30T19:31:11.92719+00:00,Arroz Branco
ab3ca4eb-45bd-442f-8cec-aae70d01522b,2025-12-30T19:31:11.92719+00:00,48e45f47-5b9a-482f-8cba-d27c0c42a7b6,2025-12-30T19:31:11.92719+00:00,Arroz Integral
f6e14d77-7835-4395-b1f3-4334b3a239c8,2025-12-30T19:31:11.92719+00:00,48e45f47-5b9a-482f-8cba-d27c0c42a7b6,2025-12-30T19:31:11.92719+00:00,Farelo de Aveia
c5fae81a-c38d-45da-924a-8c69000d4b07,2025-12-30T19:31:11.92719+00:00,48e45f47-5b9a-482f-8cba-d27c0c42a7b6,2025-12-30T19:31:11.92719+00:00,Farelo de Aveia Integral
fbf90b00-ac27-4f15-a40d-73ad11adc940,2025-12-30T19:31:11.92719+00:00,48e45f47-5b9a-482f-8cba-d27c0c42a7b6,2025-12-30T19:31:11.92719+00:00,Farelo de Aveia Integral Parboilizada
287425b1-0a62-4d1f-9d89-7dfa5c009f5a,2025-12-30T19:31:11.92719+00:00,48e45f47-5b9a-482f-8cba-d27c0c42a7b6,2025-12-30T19:31:11.92719+00:00,Farelo de Aveia Parboilizada
28d7ef07-2e84-4480-bdab-5508d0287ef8,2025-12-30T19:31:11.92719+00:00,48e45f47-5b9a-482f-8cba-d27c0c42a7b6,2025-12-30T19:31:11.92719+00:00,Farelo de Centeio
a75bfe9a-f410-4ac7-8d72-6b2a4365fb61,2025-12-30T19:31:11.92719+00:00,48e45f47-5b9a-482f-8cba-d27c0c42a7b6,2025-12-30T19:31:11.92719+00:00,Farelo de Centeio Integral
3e7d5ab6-d826-40e2-9317-0c2dfada34c5,2025-12-30T19:31:11.92719+00:00,48e45f47-5b9a-482f-8cba-d27c0c42a7b6,2025-12-30T19:31:11.92719+00:00,Farelo de Centeio Integral Parboilizado
9b1cd886-ab91-4798-9f0d-d27ca743817c,2025-12-30T19:31:11.92719+00:00,48e45f47-5b9a-482f-8cba-d27c0c42a7b6,2025-12-30T19:31:11.92719+00:00,Farelo de Centeio Parboilizado
84961dfe-0e91-423d-9dc4-eab92a2810c4,2025-12-30T19:31:11.92719+00:00,48e45f47-5b9a-482f-8cba-d27c0c42a7b6,2025-12-30T19:31:11.92719+00:00,Farelo de Cevada
be62f38b-74cd-4786-b1a7-c730dcbc50b3,2025-12-30T19:31:11.92719+00:00,48e45f47-5b9a-482f-8cba-d27c0c42a7b6,2025-12-30T19:31:11.92719+00:00,Farelo de Cevada Integral
94dd5aad-51c9-4f79-abd0-13d0412ef21d,2025-12-30T19:31:11.92719+00:00,48e45f47-5b9a-482f-8cba-d27c0c42a7b6,2025-12-30T19:31:11.92719+00:00,Farelo de Cevada Integral Parboilizada
a5b908a5-3c31-4adb-90ef-be3688a2a86a,2025-12-30T19:31:11.92719+00:00,48e45f47-5b9a-482f-8cba-d27c0c42a7b6,2025-12-30T19:31:11.92719+00:00,Farelo de Cevada Parboilizada
c19890f7-a774-443a-92d1-39b6fe374bb2,2025-12-30T19:31:11.92719+00:00,48e45f47-5b9a-482f-8cba-d27c0c42a7b6,2025-12-30T19:31:11.92719+00:00,Farelo de Cevadinha
aad81b86-62a5-4f3c-bf10-ae185d61bd63,2025-12-30T19:31:11.92719+00:00,48e45f47-5b9a-482f-8cba-d27c0c42a7b6,2025-12-30T19:31:11.92719+00:00,Farelo de Cevadinha Integral
aa3fad9f-0d18-4707-896f-749c98764c56,2025-12-30T19:31:11.92719+00:00,48e45f47-5b9a-482f-8cba-d27c0c42a7b6,2025-12-30T19:31:11.92719+00:00,Farelo de Cevadinha Integral Parboilizada
0b317471-b4b1-44a7-aec5-71f58cb8fd97,2025-12-30T19:31:11.92719+00:00,48e45f47-5b9a-482f-8cba-d27c0c42a7b6,2025-12-30T19:31:11.92719+00:00,Farelo de Cevadinha Parboilizada
f4033fa4-7c43-4475-9875-d359132e571d,2025-12-30T19:31:11.92719+00:00,48e45f47-5b9a-482f-8cba-d27c0c42a7b6,2025-12-30T19:31:11.92719+00:00,Farelo de Chia
fee2ced8-d6ff-45d6-b199-1b63da9e924b,2025-12-30T19:31:11.92719+00:00,48e45f47-5b9a-482f-8cba-d27c0c42a7b6,2025-12-30T19:31:11.92719+00:00,Farelo de Chia Integral
2f9af43b-3c4f-4cf8-9a04-4d919c857726,2025-12-30T19:31:11.92719+00:00,48e45f47-5b9a-482f-8cba-d27c0c42a7b6,2025-12-30T19:31:11.92719+00:00,Farelo de Chia Integral Parboilizada
5610c98c-a9da-465c-9988-be9b8cbe8177,2025-12-30T19:31:11.92719+00:00,48e45f47-5b9a-482f-8cba-d27c0c42a7b6,2025-12-30T19:31:11.92719+00:00,Farelo de Chia Parboilizada
e1b942c3-900c-449a-8b25-2ad48ed74bdd,2025-12-30T19:31:11.92719+00:00,48e45f47-5b9a-482f-8cba-d27c0c42a7b6,2025-12-30T19:31:11.92719+00:00,Farelo de Ervilha
1278f564-e9c9-4d77-9ce9-e81f748b8839,2025-12-30T19:31:11.92719+00:00,48e45f47-5b9a-482f-8cba-d27c0c42a7b6,2025-12-30T19:31:11.92719+00:00,Farelo de Ervilha Integral
d98e6542-2e3d-4cf6-bb20-de9226a5b5a8,2025-12-30T19:31:11.92719+00:00,48e45f47-5b9a-482f-8cba-d27c0c42a7b6,2025-12-30T19:31:11.92719+00:00,Farelo de Ervilha Integral Parboilizada
6325ef96-f283-401a-8a33-b96e65f8a8b6,2025-12-30T19:31:11.92719+00:00,48e45f47-5b9a-482f-8cba-d27c0c42a7b6,2025-12-30T19:31:11.92719+00:00,Farelo de Ervilha Parboilizada
86ac8563-3991-46cd-a4cf-3e1e1752a92d,2025-12-30T19:31:11.92719+00:00,48e45f47-5b9a-482f-8cba-d27c0c42a7b6,2025-12-30T19:31:11.92719+00:00,Farelo de Fava
1f6fdd4e-041c-4c9a-9a12-2ab55ec5020c,2025-12-30T19:31:11.92719+00:00,48e45f47-5b9a-482f-8cba-d27c0c42a7b6,2025-12-30T19:31:11.92719+00:00,Farelo de Fava Integral
60f91af6-4f74-46aa-a306-38c3b3d4a71f,2025-12-30T19:31:11.92719+00:00,48e45f47-5b9a-482f-8cba-d27c0c42a7b6,2025-12-30T19:31:11.92719+00:00,Farelo de Fava Integral Parboilizada
18e104e7-db0f-4290-bb79-3782e7d7e625,2025-12-30T19:31:11.92719+00:00,48e45f47-5b9a-482f-8cba-d27c0c42a7b6,2025-12-30T19:31:11.92719+00:00,Farelo de Fava Parboilizada
3f40b2b2-d018-4d18-95ac-482c6ca4a9f3,2025-12-30T19:31:11.92719+00:00,48e45f47-5b9a-482f-8cba-d27c0c42a7b6,2025-12-30T19:31:11.92719+00:00,Farelo de Gergelim
5596d769-cd31-4487-ace2-3e90e4f84367,2025-12-30T19:31:11.92719+00:00,48e45f47-5b9a-482f-8cba-d27c0c42a7b6,2025-12-30T19:31:11.92719+00:00,Farelo de Gergelim Integral
8a935577-da10-444a-995f-9329dfae1b74,2025-12-30T19:31:11.92719+00:00,48e45f47-5b9a-482f-8cba-d27c0c42a7b6,2025-12-30T19:31:11.92719+00:00,Farelo de Gergelim Integral Parboilizado
f4145812-8509-4e05-add3-12d2b2c60fcb,2025-12-30T19:31:11.92719+00:00,48e45f47-5b9a-482f-8cba-d27c0c42a7b6,2025-12-30T19:31:11.92719+00:00,Farelo de Gergelim Parboilizado
157c21a3-3409-422c-a559-6c90fbb19d35,2025-12-30T19:31:11.92719+00:00,48e45f47-5b9a-482f-8cba-d27c0c42a7b6,2025-12-30T19:31:11.92719+00:00,Farelo de Lentilha
6096d112-6b1a-4d8f-a214-ab64e447d696,2025-12-30T19:31:11.92719+00:00,48e45f47-5b9a-482f-8cba-d27c0c42a7b6,2025-12-30T19:31:11.92719+00:00,Farelo de Lentilha Integral
08f6417c-f8ea-4abb-ac86-996a8d4dc09b,2025-12-30T19:31:11.92719+00:00,48e45f47-5b9a-482f-8cba-d27c0c42a7b6,2025-12-30T19:31:11.92719+00:00,Farelo de Lentilha Integral Parboilizada
07ab3b2d-52d6-4b4f-a2fc-2010369babd8,2025-12-30T19:31:11.92719+00:00,48e45f47-5b9a-482f-8cba-d27c0c42a7b6,2025-12-30T19:31:11.92719+00:00,Farelo de Lentilha Parboilizada
7b018700-f6c0-46f3-8b08-07f1a72dfcd0,2025-12-30T19:31:11.92719+00:00,48e45f47-5b9a-482f-8cba-d27c0c42a7b6,2025-12-30T19:31:11.92719+00:00,Farelo de Linhaça
f8f203ea-eea9-48dd-86a4-e7b1fad0da47,2025-12-30T19:31:11.92719+00:00,48e45f47-5b9a-482f-8cba-d27c0c42a7b6,2025-12-30T19:31:11.92719+00:00,Farelo de Linhaça Integral
abac2d6b-640e-49b8-a4c5-0faf800947d2,2025-12-30T19:31:11.92719+00:00,48e45f47-5b9a-482f-8cba-d27c0c42a7b6,2025-12-30T19:31:11.92719+00:00,Farelo de Linhaça Integral Parboilizada
605a7136-b41b-4520-b77e-8317f0d20eec,2025-12-30T19:31:11.92719+00:00,48e45f47-5b9a-482f-8cba-d27c0c42a7b6,2025-12-30T19:31:11.92719+00:00,Farelo de Linhaça Parboilizada
c796808a-3899-4cda-84fa-08b50341e480,2025-12-30T19:31:11.92719+00:00,48e45f47-5b9a-482f-8cba-d27c0c42a7b6,2025-12-30T19:31:11.92719+00:00,Farelo de Milho
bba5a13a-2901-444c-a265-15f5a8e44c30,2025-12-30T19:31:11.92719+00:00,48e45f47-5b9a-482f-8cba-d27c0c42a7b6,2025-12-30T19:31:11.92719+00:00,Farelo de Milho Integral
a551b0aa-7fb5-4247-9abf-3aca784906c4,2025-12-30T19:31:11.92719+00:00,48e45f47-5b9a-482f-8cba-d27c0c42a7b6,2025-12-30T19:31:11.92719+00:00,Farelo de Milho Integral Parboilizado
4f1da2a9-704e-4a3e-a25a-19a2edcb5ad0,2025-12-30T19:31:11.92719+00:00,48e45f47-5b9a-482f-8cba-d27c0c42a7b6,2025-12-30T19:31:11.92719+00:00,Farelo de Milho Parboilizado
e0414646-73fe-4be6-93bf-d66076a3d2f8,2025-12-30T19:31:11.92719+00:00,48e45f47-5b9a-482f-8cba-d27c0c42a7b6,2025-12-30T19:31:11.92719+00:00,Farelo de Painço
0550be39-6329-42c9-9f70-65d9d708edfb,2025-12-30T19:31:11.92719+00:00,48e45f47-5b9a-482f-8cba-d27c0c42a7b6,2025-12-30T19:31:11.92719+00:00,Farelo de Painço Integral
bbb17941-2eb7-4d53-a897-9383ab5adc2f,2025-12-30T19:31:11.92719+00:00,48e45f47-5b9a-482f-8cba-d27c0c42a7b6,2025-12-30T19:31:11.92719+00:00,Farelo de Painço Integral Parboilizado
eb24787d-2244-40ec-8fd4-d432d0c493bf,2025-12-30T19:31:11.92719+00:00,48e45f47-5b9a-482f-8cba-d27c0c42a7b6,2025-12-30T19:31:11.92719+00:00,Farelo de Painço Parboilizado
ab496552-3453-403d-b58c-b6fa90f5e75f,2025-12-30T19:31:11.92719+00:00,48e45f47-5b9a-482f-8cba-d27c0c42a7b6,2025-12-30T19:31:11.92719+00:00,Farelo de Quinoa
37d8979d-7e56-4c3c-ba24-2da725841c0a,2025-12-30T19:31:11.92719+00:00,48e45f47-5b9a-482f-8cba-d27c0c42a7b6,2025-12-30T19:31:11.92719+00:00,Farelo de Quinoa Integral
19d356a3-0ffc-4466-a075-ae6515241cdb,2025-12-30T19:31:11.92719+00:00,48e45f47-5b9a-482f-8cba-d27c0c42a7b6,2025-12-30T19:31:11.92719+00:00,Farelo de Quinoa Integral Parboilizada
5708eb74-b2ad-45da-9671-e03488e98f51,2025-12-30T19:31:11.92719+00:00,48e45f47-5b9a-482f-8cba-d27c0c42a7b6,2025-12-30T19:31:11.92719+00:00,Farelo de Quinoa Parboilizada
1eb37b66-35f0-472a-a36b-6e4f0e726d71,2025-12-30T19:31:11.92719+00:00,48e45f47-5b9a-482f-8cba-d27c0c42a7b6,2025-12-30T19:31:11.92719+00:00,Farelo de Soja
8bac9155-050d-42aa-abe5-3dade4bf9676,2025-12-30T19:31:11.92719+00:00,48e45f47-5b9a-482f-8cba-d27c0c42a7b6,2025-12-30T19:31:11.92719+00:00,Farelo de Soja Integral
28e38854-06d6-4d8c-ae44-5cd00270f08f,2025-12-30T19:31:11.92719+00:00,48e45f47-5b9a-482f-8cba-d27c0c42a7b6,2025-12-30T19:31:11.92719+00:00,Farelo de Soja Integral Parboilizada
b05e99d0-f228-4ff2-bc73-c4897af476fd,2025-12-30T19:31:11.92719+00:00,48e45f47-5b9a-482f-8cba-d27c0c42a7b6,2025-12-30T19:31:11.92719+00:00,Farelo de Soja Parboilizada
36195984-f30f-42c8-b4ee-2a087d717cca,2025-12-30T19:31:11.92719+00:00,48e45f47-5b9a-482f-8cba-d27c0c42a7b6,2025-12-30T19:31:11.92719+00:00,Farelo de Sorgo
af6f8185-d897-4661-9616-47ed794b0d97,2025-12-30T19:31:11.92719+00:00,48e45f47-5b9a-482f-8cba-d27c0c42a7b6,2025-12-30T19:31:11.92719+00:00,Farelo de Sorgo Integral
7cd811f2-8e8e-4f47-a4b8-bab906d28607,2025-12-30T19:31:11.92719+00:00,48e45f47-5b9a-482f-8cba-d27c0c42a7b6,2025-12-30T19:31:11.92719+00:00,Farelo de Sorgo Integral Parboilizado
e2d34c7f-53e1-45b9-b293-0678a1c750cd,2025-12-30T19:31:11.92719+00:00,48e45f47-5b9a-482f-8cba-d27c0c42a7b6,2025-12-30T19:31:11.92719+00:00,Farelo de Sorgo Parboilizado
900dd3ca-dbb9-4981-ae24-cc4a727d3db3,2025-12-30T19:31:11.92719+00:00,48e45f47-5b9a-482f-8cba-d27c0c42a7b6,2025-12-30T19:31:11.92719+00:00,Farelo de Trigo
d87883c6-42c9-4dba-83eb-938030c8a45e,2025-12-30T19:31:11.92719+00:00,48e45f47-5b9a-482f-8cba-d27c0c42a7b6,2025-12-30T19:31:11.92719+00:00,Farelo de Trigo Integral
8016d3ef-a473-4c49-84de-eae4055deec3,2025-12-30T19:31:11.92719+00:00,48e45f47-5b9a-482f-8cba-d27c0c42a7b6,2025-12-30T19:31:11.92719+00:00,Farelo de Trigo Integral Parboilizado
7b867f12-1c20-4f55-8149-f0b1ee2e8129,2025-12-30T19:31:11.92719+00:00,48e45f47-5b9a-482f-8cba-d27c0c42a7b6,2025-12-30T19:31:11.92719+00:00,Farelo de Trigo Parboilizado
d32b41f1-db02-4591-ac7d-17ea072304a6,2025-12-30T19:31:11.92719+00:00,48e45f47-5b9a-482f-8cba-d27c0c42a7b6,2025-12-30T19:31:11.92719+00:00,Farelo de Triticale
7cee5c06-4d46-44c4-b2fe-c50383d710b2,2025-12-30T19:31:11.92719+00:00,48e45f47-5b9a-482f-8cba-d27c0c42a7b6,2025-12-30T19:31:11.92719+00:00,Farelo de Triticale Integral
02495c19-55c0-455e-ba1b-5c81d652b295,2025-12-30T19:31:11.92719+00:00,48e45f47-5b9a-482f-8cba-d27c0c42a7b6,2025-12-30T19:31:11.92719+00:00,Farelo de Triticale Integral Parboilizado
b5360563-0602-48d6-a30d-0e9c54b7ed87,2025-12-30T19:31:11.92719+00:00,48e45f47-5b9a-482f-8cba-d27c0c42a7b6,2025-12-30T19:31:11.92719+00:00,Farelo de Triticale Parboilizado
d5cbd16a-4a56-484a-9752-63411e965a87,2025-12-30T19:31:11.92719+00:00,48e45f47-5b9a-482f-8cba-d27c0c42a7b6,2025-12-30T19:31:11.92719+00:00,Fava
08c77147-4536-4b76-a32d-eeb19284baa7,2025-12-30T19:31:11.92719+00:00,48e45f47-5b9a-482f-8cba-d27c0c42a7b6,2025-12-30T19:31:11.92719+00:00,Feijão
77a8cd59-5bcd-4b41-8093-716ba82149c7,2025-12-30T19:31:11.92719+00:00,48e45f47-5b9a-482f-8cba-d27c0c42a7b6,2025-12-30T19:31:11.92719+00:00,Feijão
252a5baa-3260-4c21-a9d8-c45658b2f255,2025-12-30T19:31:11.92719+00:00,48e45f47-5b9a-482f-8cba-d27c0c42a7b6,2025-12-30T19:31:11.92719+00:00,Gergelim
25adac75-e775-49e0-8453-f98aa33659a5,2025-12-30T19:31:11.92719+00:00,48e45f47-5b9a-482f-8cba-d27c0c42a7b6,2025-12-30T19:31:11.92719+00:00,Grão-de-Bico
006568cb-e580-4125-b806-51f53a01ae70,2025-12-30T19:31:11.92719+00:00,48e45f47-5b9a-482f-8cba-d27c0c42a7b6,2025-12-30T19:31:11.92719+00:00,Lentilha
bfef9f60-e2e7-4016-8ff0-27666d57160f,2025-12-30T19:31:11.92719+00:00,48e45f47-5b9a-482f-8cba-d27c0c42a7b6,2025-12-30T19:31:11.92719+00:00,Linhaça
da9c8f7f-9d90-49b2-afc8-99f709e05379,2025-12-30T19:31:11.92719+00:00,48e45f47-5b9a-482f-8cba-d27c0c42a7b6,2025-12-30T19:31:11.92719+00:00,Painço
a5136f05-af4a-4395-ae4f-102af45427d9,2025-12-30T19:31:11.92719+00:00,48e45f47-5b9a-482f-8cba-d27c0c42a7b6,2025-12-30T19:31:11.92719+00:00,Quinoa
66344d2f-d8e3-47c7-b9e3-66e69af0368b,2025-12-30T19:31:11.92719+00:00,48e45f47-5b9a-482f-8cba-d27c0c42a7b6,2025-12-30T19:31:11.92719+00:00,Soja
90f14ec4-c6fd-43bf-8109-72aab68a2668,2025-12-30T19:31:11.92719+00:00,48e45f47-5b9a-482f-8cba-d27c0c42a7b6,2025-12-30T19:31:11.92719+00:00,Sorgo
216a4e8b-0458-4294-9666-a17181efae6a,2025-12-30T19:31:11.92719+00:00,48e45f47-5b9a-482f-8cba-d27c0c42a7b6,2025-12-30T19:31:11.92719+00:00,Trigo
8a0c1128-e8f9-42d8-978e-e178a5ad54a1,2025-12-30T19:31:11.92719+00:00,48e45f47-5b9a-482f-8cba-d27c0c42a7b6,2025-12-30T19:31:11.92719+00:00,Triticale
674f86ce-18c8-4232-be9f-6c6c0ae091d8,2025-12-30T19:31:11.92719+00:00,689e14c3-ea81-43e0-9807-8e4adad0544f,2025-12-30T19:31:11.92719+00:00,Absorvente Higiênico
67c2d56b-be66-4a9d-a48b-795e143e776d,2025-12-30T19:31:11.92719+00:00,689e14c3-ea81-43e0-9807-8e4adad0544f,2025-12-30T19:31:11.92719+00:00,Água Micelar
c5f4bd9d-1c95-4e73-a550-be241f8fe022,2025-12-30T19:31:11.92719+00:00,689e14c3-ea81-43e0-9807-8e4adad0544f,2025-12-30T19:31:11.92719+00:00,Algodão
1929f9cd-b5ce-4910-a200-4d0c6d50087c,2025-12-30T19:31:11.92719+00:00,689e14c3-ea81-43e0-9807-8e4adad0544f,2025-12-30T19:31:11.92719+00:00,Batom Hidratante
df2efcfd-4631-4316-8e83-73093e45243f,2025-12-30T19:31:11.92719+00:00,689e14c3-ea81-43e0-9807-8e4adad0544f,2025-12-30T19:31:11.92719+00:00,Cera para Depilação
e0650582-05e3-49ab-b954-fa58bc0a9c98,2025-12-30T19:31:11.92719+00:00,689e14c3-ea81-43e0-9807-8e4adad0544f,2025-12-30T19:31:11.92719+00:00,Condicionador
4f71cb6d-7a89-4c3d-be92-80cfb1ca4749,2025-12-30T19:31:11.92719+00:00,689e14c3-ea81-43e0-9807-8e4adad0544f,2025-12-30T19:31:11.92719+00:00,Condicionador Anticaspa
84e6f7f6-f3a5-4347-95bf-2d31ce8c369e,2025-12-30T19:31:11.92719+00:00,689e14c3-ea81-43e0-9807-8e4adad0544f,2025-12-30T19:31:11.92719+00:00,Cotonete
85f11967-0dd8-446c-bcfa-31c368e929d7,2025-12-30T19:31:11.92719+00:00,689e14c3-ea81-43e0-9807-8e4adad0544f,2025-12-30T19:31:11.92719+00:00,Cotonetes para Bebê
d67bc790-c3b7-4584-9db1-5998ea8f01a1,2025-12-30T19:31:11.92719+00:00,689e14c3-ea81-43e0-9807-8e4adad0544f,2025-12-30T19:31:11.92719+00:00,Creme de Barbear
ab674e05-e7e2-4220-aa8d-d9a47fb5dd69,2025-12-30T19:31:11.92719+00:00,689e14c3-ea81-43e0-9807-8e4adad0544f,2025-12-30T19:31:11.92719+00:00,Creme Dental
67cb5df7-2730-450e-b4a1-d76957f6ef54,2025-12-30T19:31:11.92719+00:00,689e14c3-ea81-43e0-9807-8e4adad0544f,2025-12-30T19:31:11.92719+00:00,Creme Hidratante
b0a2de59-d578-4aab-b6ed-d1d47b214126,2025-12-30T19:31:11.92719+00:00,689e14c3-ea81-43e0-9807-8e4adad0544f,2025-12-30T19:31:11.92719+00:00,Creme para as Mãos
1cbb155f-2ca8-437d-8013-97cb26068c16,2025-12-30T19:31:11.92719+00:00,689e14c3-ea81-43e0-9807-8e4adad0544f,2025-12-30T19:31:11.92719+00:00,Creme para Assaduras
6b10e38a-f0f3-4893-83e0-c6e043d55422,2025-12-30T19:31:11.92719+00:00,689e14c3-ea81-43e0-9807-8e4adad0544f,2025-12-30T19:31:11.92719+00:00,Creme para Assaduras Infantil
028267af-94e8-45c7-b5a3-106ee9b7e02a,2025-12-30T19:31:11.92719+00:00,689e14c3-ea81-43e0-9807-8e4adad0544f,2025-12-30T19:31:11.92719+00:00,Creme para Barba
ba96423e-f88a-45af-a384-043e36613e6c,2025-12-30T19:31:11.92719+00:00,689e14c3-ea81-43e0-9807-8e4adad0544f,2025-12-30T19:31:11.92719+00:00,Creme para Bebê
d1764aac-b3d0-4dac-bb4e-1ff8863af0db,2025-12-30T19:31:11.92719+00:00,689e14c3-ea81-43e0-9807-8e4adad0544f,2025-12-30T19:31:11.92719+00:00,Creme para Cutículas
47de49cc-b96f-4938-a685-64f8713e2723,2025-12-30T19:31:11.92719+00:00,689e14c3-ea81-43e0-9807-8e4adad0544f,2025-12-30T19:31:11.92719+00:00,Creme para Dermatite
d7e2ac4c-f4c1-46d8-a769-993019b9a1f6,2025-12-30T19:31:11.92719+00:00,689e14c3-ea81-43e0-9807-8e4adad0544f,2025-12-30T19:31:11.92719+00:00,Creme para Joelhos e Cotovelos
d45104f2-b711-4e8b-ab8b-67dc249cad5c,2025-12-30T19:31:11.92719+00:00,689e14c3-ea81-43e0-9807-8e4adad0544f,2025-12-30T19:31:11.92719+00:00,Creme para Mãos Ressecadas
69edbe09-66f1-4c20-a71a-57f6210a8bf1,2025-12-30T19:31:11.92719+00:00,689e14c3-ea81-43e0-9807-8e4adad0544f,2025-12-30T19:31:11.92719+00:00,Creme para Olheiras
79f68c20-4190-47d8-a860-74f4df76a2e3,2025-12-30T19:31:11.92719+00:00,689e14c3-ea81-43e0-9807-8e4adad0544f,2025-12-30T19:31:11.92719+00:00,Creme para os Pés
40a99a7d-6eee-46de-b9ff-de18b059091b,2025-12-30T19:31:11.92719+00:00,689e14c3-ea81-43e0-9807-8e4adad0544f,2025-12-30T19:31:11.92719+00:00,Creme para Pele Mista
237f78fe-45d8-46d6-9743-66a2404b16f1,2025-12-30T19:31:11.92719+00:00,689e14c3-ea81-43e0-9807-8e4adad0544f,2025-12-30T19:31:11.92719+00:00,Creme para Pele Oleosa
aa8cf451-2e30-41b7-81a4-f8022fcfdf43,2025-12-30T19:31:11.92719+00:00,689e14c3-ea81-43e0-9807-8e4adad0544f,2025-12-30T19:31:11.92719+00:00,Creme para Pele Seca
224016d3-40e1-40eb-a8e1-547e2170073c,2025-12-30T19:31:11.92719+00:00,689e14c3-ea81-43e0-9807-8e4adad0544f,2025-12-30T19:31:11.92719+00:00,Creme para Pentear
d848530d-5565-4f21-912c-f90b76d650bb,2025-12-30T19:31:11.92719+00:00,689e14c3-ea81-43e0-9807-8e4adad0544f,2025-12-30T19:31:11.92719+00:00,Creme para Pés Ressecados
78969ed1-17e0-4719-b7a5-5f0419eebeb2,2025-12-30T19:31:11.92719+00:00,689e14c3-ea81-43e0-9807-8e4adad0544f,2025-12-30T19:31:11.92719+00:00,Creme para Rugas
03724211-5872-4694-a6a9-49b700764a6f,2025-12-30T19:31:11.92719+00:00,689e14c3-ea81-43e0-9807-8e4adad0544f,2025-12-30T19:31:11.92719+00:00,Demaquilante
a4af0251-e897-49ee-ba96-d2e3cfbb4c8b,2025-12-30T19:31:11.92719+00:00,689e14c3-ea81-43e0-9807-8e4adad0544f,2025-12-30T19:31:11.92719+00:00,Desodorante Aerosol
7d6c4f3c-2e2b-4462-bc97-ddfb6f734086,2025-12-30T19:31:11.92719+00:00,689e14c3-ea81-43e0-9807-8e4adad0544f,2025-12-30T19:31:11.92719+00:00,Desodorante Corporal
26b3278b-fcd2-45c8-82fb-da67b089d385,2025-12-30T19:31:11.92719+00:00,689e14c3-ea81-43e0-9807-8e4adad0544f,2025-12-30T19:31:11.92719+00:00,Desodorante Roll-On
d17a60ac-9dfe-43d4-b981-f31aaff0fc58,2025-12-30T19:31:11.92719+00:00,689e14c3-ea81-43e0-9807-8e4adad0544f,2025-12-30T19:31:11.92719+00:00,Desodorante Sem Perfume
77af0570-182e-452b-8eb7-6644a16d8cc1,2025-12-30T19:31:11.92719+00:00,689e14c3-ea81-43e0-9807-8e4adad0544f,2025-12-30T19:31:11.92719+00:00,Enxaguante Bucal
a19b6efa-8744-4e72-9448-7eb7eab8e10c,2025-12-30T19:31:11.92719+00:00,689e14c3-ea81-43e0-9807-8e4adad0544f,2025-12-30T19:31:11.92719+00:00,Escova de Cabelo
1225ef59-b9d5-4255-9335-dce9ede7cbad,2025-12-30T19:31:11.92719+00:00,689e14c3-ea81-43e0-9807-8e4adad0544f,2025-12-30T19:31:11.92719+00:00,Escova de Dentes
27b76466-8775-4738-9f43-d2e7379efa80,2025-12-30T19:31:11.92719+00:00,689e14c3-ea81-43e0-9807-8e4adad0544f,2025-12-30T19:31:11.92719+00:00,Escova de Dentes Elétrica
5696f033-150a-498e-b91b-8a6efd998a1a,2025-12-30T19:31:11.92719+00:00,689e14c3-ea81-43e0-9807-8e4adad0544f,2025-12-30T19:31:11.92719+00:00,Escova de Dentes Infantil
5664c2b7-e978-4192-81be-a525ca0ac282,2025-12-30T19:31:11.92719+00:00,689e14c3-ea81-43e0-9807-8e4adad0544f,2025-12-30T19:31:11.92719+00:00,Esponja de Banho
16f84af3-fd58-43da-a3d6-88a96b905193,2025-12-30T19:31:11.92719+00:00,689e14c3-ea81-43e0-9807-8e4adad0544f,2025-12-30T19:31:11.92719+00:00,Espuma de Barbear
3db99b37-0776-47ed-b93e-5d66eca8ccb9,2025-12-30T19:31:11.92719+00:00,689e14c3-ea81-43e0-9807-8e4adad0544f,2025-12-30T19:31:11.92719+00:00,Fio Dental
1e73392f-7e4d-4413-975c-921ad36d1d64,2025-12-30T19:31:11.92719+00:00,689e14c3-ea81-43e0-9807-8e4adad0544f,2025-12-30T19:31:11.92719+00:00,Gel de b6ee5875-9888-4c77-acb2-e82f6c243366 Facial
45143eea-6a31-4262-8cb5-5bd8890e8179,2025-12-30T19:31:11.92719+00:00,689e14c3-ea81-43e0-9807-8e4adad0544f,2025-12-30T19:31:11.92719+00:00,Gel para Barba
388dd738-ad49-4b91-9fb0-7b422294c5e7,2025-12-30T19:31:11.92719+00:00,689e14c3-ea81-43e0-9807-8e4adad0544f,2025-12-30T19:31:11.92719+00:00,Gel para Cabelo
483f9bcc-d6e6-47df-83cb-6963f503289e,2025-12-30T19:31:11.92719+00:00,689e14c3-ea81-43e0-9807-8e4adad0544f,2025-12-30T19:31:11.92719+00:00,Lâmina de Barbear
78902bb0-1b3f-4080-8d94-660e9ac00cad,2025-12-30T19:31:11.92719+00:00,689e14c3-ea81-43e0-9807-8e4adad0544f,2025-12-30T19:31:11.92719+00:00,Lâmina de Barbear
03a0101f-25a5-4049-9d77-4ed32b6c08f4,2025-12-30T19:31:11.92719+00:00,689e14c3-ea81-43e0-9807-8e4adad0544f,2025-12-30T19:31:11.92719+00:00,Lenço Umedecido
32cdde25-818d-49aa-bcdb-019388b8dcc2,2025-12-30T19:31:11.92719+00:00,689e14c3-ea81-43e0-9807-8e4adad0544f,2025-12-30T19:31:11.92719+00:00,Lenço Umedecido para Bebê
0b3c44c2-567d-4596-bf23-b79251d53f01,2025-12-30T19:31:11.92719+00:00,689e14c3-ea81-43e0-9807-8e4adad0544f,2025-12-30T19:31:11.92719+00:00,Loção de b6ee5875-9888-4c77-acb2-e82f6c243366
a1d15925-3823-41d8-a3eb-f6015e047116,2025-12-30T19:31:11.92719+00:00,689e14c3-ea81-43e0-9807-8e4adad0544f,2025-12-30T19:31:11.92719+00:00,Loção Hidratante para Bebê
1f366ca1-22a8-4cbe-849f-5f2ccbe99b4c,2025-12-30T19:31:11.92719+00:00,689e14c3-ea81-43e0-9807-8e4adad0544f,2025-12-30T19:31:11.92719+00:00,Loção para o Corpo
08cc0112-9ec6-419b-ab7d-c3a1d7e312a1,2025-12-30T19:31:11.92719+00:00,689e14c3-ea81-43e0-9807-8e4adad0544f,2025-12-30T19:31:11.92719+00:00,Loção para o Rosto
d0ee40ed-01a4-4497-ad00-318bfa5467f4,2025-12-30T19:31:11.92719+00:00,689e14c3-ea81-43e0-9807-8e4adad0544f,2025-12-30T19:31:11.92719+00:00,Loção Pós-Barba
d9b905ef-6ca0-45ff-9b9c-5e46781c9637,2025-12-30T19:31:11.92719+00:00,689e14c3-ea81-43e0-9807-8e4adad0544f,2025-12-30T19:31:11.92719+00:00,Loção Pós-Depilação
ff31eb0d-a5e4-4f49-800f-1efc4398a724,2025-12-30T19:31:11.92719+00:00,689e14c3-ea81-43e0-9807-8e4adad0544f,2025-12-30T19:31:11.92719+00:00,Máscara Facial
95448377-40ac-4820-9321-c3fbd669520f,2025-12-30T19:31:11.92719+00:00,689e14c3-ea81-43e0-9807-8e4adad0544f,2025-12-30T19:31:11.92719+00:00,Óleo Corporal
0a6046e0-3cc5-4366-ba0b-04406bacf0d8,2025-12-30T19:31:11.92719+00:00,689e14c3-ea81-43e0-9807-8e4adad0544f,2025-12-30T19:31:11.92719+00:00,Óleo para Barba
3dd9adb7-65d4-4fa6-a163-76e195909277,2025-12-30T19:31:11.92719+00:00,689e14c3-ea81-43e0-9807-8e4adad0544f,2025-12-30T19:31:11.92719+00:00,Óleo para Bebê
eda16908-ba33-4e27-910f-636140813100,2025-12-30T19:31:11.92719+00:00,689e14c3-ea81-43e0-9807-8e4adad0544f,2025-12-30T19:31:11.92719+00:00,Óleo para Cutículas
18a05e6d-2373-4956-8bb8-0cf6fbc24be1,2025-12-30T19:31:11.92719+00:00,689e14c3-ea81-43e0-9807-8e4adad0544f,2025-12-30T19:31:11.92719+00:00,Papel Higiênico
f0427b26-3bac-4622-86d2-412887caba99,2025-12-30T19:31:11.92719+00:00,689e14c3-ea81-43e0-9807-8e4adad0544f,2025-12-30T19:31:11.92719+00:00,Papel Higiênico
de342380-4bc4-4f56-b41b-5c04a508e8b7,2025-12-30T19:31:11.92719+00:00,689e14c3-ea81-43e0-9807-8e4adad0544f,2025-12-30T19:31:11.92719+00:00,Pasta de Dente Clareadora
46c4eb46-c457-4202-9a72-7d2d4c773dec,2025-12-30T19:31:11.92719+00:00,689e14c3-ea81-43e0-9807-8e4adad0544f,2025-12-30T19:31:11.92719+00:00,Pasta de Dente Infantil
54b81c1b-3f23-4fe2-8edd-73eef09ca83d,2025-12-30T19:31:11.92719+00:00,689e14c3-ea81-43e0-9807-8e4adad0544f,2025-12-30T19:31:11.92719+00:00,Pente
f4ab9ab1-4fed-4cf7-966f-ee440ae6308c,2025-12-30T19:31:11.92719+00:00,689e14c3-ea81-43e0-9807-8e4adad0544f,2025-12-30T19:31:11.92719+00:00,Pincel de Maquiagem
82f7bf14-9725-40a6-90cb-61fe4b8d4e91,2025-12-30T19:31:11.92719+00:00,689e14c3-ea81-43e0-9807-8e4adad0544f,2025-12-30T19:31:11.92719+00:00,Pó Compacto
13271acb-a594-4c54-83ef-575b9c36568f,2025-12-30T19:31:11.92719+00:00,689e14c3-ea81-43e0-9807-8e4adad0544f,2025-12-30T19:31:11.92719+00:00,Protetor Diário
40c1207e-7488-4b02-897d-4fd893eeae3e,2025-12-30T19:31:11.92719+00:00,689e14c3-ea81-43e0-9807-8e4adad0544f,2025-12-30T19:31:11.92719+00:00,Protetor Labial
54fd68b5-2e9b-4f80-a614-443205f9862b,2025-12-30T19:31:11.92719+00:00,689e14c3-ea81-43e0-9807-8e4adad0544f,2025-12-30T19:31:11.92719+00:00,Protetor Solar
3215e688-4d60-424a-9bc8-bf4a0482067e,2025-12-30T19:31:11.92719+00:00,689e14c3-ea81-43e0-9807-8e4adad0544f,2025-12-30T19:31:11.92719+00:00,Protetor Solar Infantil
294f08b5-f25d-4f37-a7f9-6d8a82903546,2025-12-30T19:31:11.92719+00:00,689e14c3-ea81-43e0-9807-8e4adad0544f,2025-12-30T19:31:11.92719+00:00,Sabonete
8eb31521-f2f3-4385-b560-a1b82132f215,2025-12-30T19:31:11.92719+00:00,689e14c3-ea81-43e0-9807-8e4adad0544f,2025-12-30T19:31:11.92719+00:00,Sabonete Antisséptico
4dbb982e-4d06-430e-ac65-883a79cee8c6,2025-12-30T19:31:11.92719+00:00,689e14c3-ea81-43e0-9807-8e4adad0544f,2025-12-30T19:31:11.92719+00:00,Sabonete em Barra para Bebê
9867ddb0-31df-481a-b84d-10be94767bdd,2025-12-30T19:31:11.92719+00:00,689e14c3-ea81-43e0-9807-8e4adad0544f,2025-12-30T19:31:11.92719+00:00,Sabonete em Pó
21ba116f-d5db-400c-969a-fcb2ec1547ba,2025-12-30T19:31:11.92719+00:00,689e14c3-ea81-43e0-9807-8e4adad0544f,2025-12-30T19:31:11.92719+00:00,Sabonete Esfoliante
1bce5e17-258d-4476-89d1-887bf2901b74,2025-12-30T19:31:11.92719+00:00,689e14c3-ea81-43e0-9807-8e4adad0544f,2025-12-30T19:31:11.92719+00:00,Sabonete Íntimo
40e4bc9a-b937-4f97-9546-5f169b07bb9f,2025-12-30T19:31:11.92719+00:00,689e14c3-ea81-43e0-9807-8e4adad0544f,2025-12-30T19:31:11.92719+00:00,Sabonete Líquido
296db107-8f36-4810-9bd6-57a577dd124f,2025-12-30T19:31:11.92719+00:00,689e14c3-ea81-43e0-9807-8e4adad0544f,2025-12-30T19:31:11.92719+00:00,Sabonete Líquido para Bebê
2d07c060-c1ca-4a17-80e3-234d68d2fb07,2025-12-30T19:31:11.92719+00:00,689e14c3-ea81-43e0-9807-8e4adad0544f,2025-12-30T19:31:11.92719+00:00,Sabonete para Barba
03f8607e-3ee1-4a68-a4b5-68ed85348238,2025-12-30T19:31:11.92719+00:00,689e14c3-ea81-43e0-9807-8e4adad0544f,2025-12-30T19:31:11.92719+00:00,Sabonete para Bebê
003cc90e-3f44-4b2d-b9fa-e4c8b3d5f5f9,2025-12-30T19:31:11.92719+00:00,689e14c3-ea81-43e0-9807-8e4adad0544f,2025-12-30T19:31:11.92719+00:00,Sabonete para Pele Oleosa
06c844d3-6225-4a91-8671-396b960d68c8,2025-12-30T19:31:11.92719+00:00,689e14c3-ea81-43e0-9807-8e4adad0544f,2025-12-30T19:31:11.92719+00:00,Sabonete para Peles Sensíveis
e6ea670a-f916-4ce6-ae75-5eb5d0c52ba9,2025-12-30T19:31:11.92719+00:00,689e14c3-ea81-43e0-9807-8e4adad0544f,2025-12-30T19:31:11.92719+00:00,Shampoo
77e2258d-0113-446b-90bf-02f3cff73ac9,2025-12-30T19:31:11.92719+00:00,689e14c3-ea81-43e0-9807-8e4adad0544f,2025-12-30T19:31:11.92719+00:00,Shampoo Anticaspa
8c4308a9-ca1f-4543-be3d-342acedb27fa,2025-12-30T19:31:11.92719+00:00,689e14c3-ea81-43e0-9807-8e4adad0544f,2025-12-30T19:31:11.92719+00:00,Shampoo para Bebê
10415ddd-9290-41cc-8e76-cf81a635669b,2025-12-30T19:31:11.92719+00:00,689e14c3-ea81-43e0-9807-8e4adad0544f,2025-12-30T19:31:11.92719+00:00,Talco para Bebê
ffb49900-81ed-4545-b9b5-558a3f6e2daa,2025-12-30T19:31:11.92719+00:00,689e14c3-ea81-43e0-9807-8e4adad0544f,2025-12-30T19:31:11.92719+00:00,Tesoura de Unha
ea0815e9-2f67-4a00-b86c-b89d84c56c42,2025-12-30T19:31:11.92719+00:00,689e14c3-ea81-43e0-9807-8e4adad0544f,2025-12-30T19:31:11.92719+00:00,Toalha de Papel
c4d33369-7504-411a-a5b8-d46902f2ee0c,2025-12-30T19:31:11.92719+00:00,689e14c3-ea81-43e0-9807-8e4adad0544f,2025-12-30T19:31:11.92719+00:00,Toalha Umedecida para Bebê
7bfaa66e-1cb2-47f0-8191-d8e4abf7a6f1,2025-12-30T19:31:11.92719+00:00,689e14c3-ea81-43e0-9807-8e4adad0544f,2025-12-30T19:31:11.92719+00:00,Tônico Facial
63be7b56-6049-46eb-b68b-6a4da5811966,2025-12-30T19:31:11.92719+00:00,13e85abc-bf56-4333-b88e-bddb3c8801d9,2025-12-30T19:31:11.92719+00:00,Abóbora
080a4f47-ebfa-475b-a157-a05b0b977bbc,2025-12-30T19:31:11.92719+00:00,13e85abc-bf56-4333-b88e-bddb3c8801d9,2025-12-30T19:31:11.92719+00:00,Abobrinha
7bf5fe69-8845-4cda-89f2-13e731e8ca05,2025-12-30T19:31:11.92719+00:00,13e85abc-bf56-4333-b88e-bddb3c8801d9,2025-12-30T19:31:11.92719+00:00,Aipo
4af4baea-d9d1-4082-8050-c3772e7ac9ef,2025-12-30T19:31:11.92719+00:00,13e85abc-bf56-4333-b88e-bddb3c8801d9,2025-12-30T19:31:11.92719+00:00,Alface
7dc2568c-3cf7-4d58-928b-b22f95c23eb2,2025-12-30T19:31:11.92719+00:00,13e85abc-bf56-4333-b88e-bddb3c8801d9,2025-12-30T19:31:11.92719+00:00,Alho
eb65f779-3de2-421d-b68d-733abf6fe9de,2025-12-30T19:31:11.92719+00:00,13e85abc-bf56-4333-b88e-bddb3c8801d9,2025-12-30T19:31:11.92719+00:00,Alho Francês
b0f043c2-63fe-445e-bd49-5a8c7de1e515,2025-12-30T19:31:11.92719+00:00,13e85abc-bf56-4333-b88e-bddb3c8801d9,2025-12-30T19:31:11.92719+00:00,Alho-Poró
1067443a-bfc9-4669-9ed9-845ae1938a32,2025-12-30T19:31:11.92719+00:00,13e85abc-bf56-4333-b88e-bddb3c8801d9,2025-12-30T19:31:11.92719+00:00,Aspargo
59f973d1-6957-469a-a19f-bf45217774a9,2025-12-30T19:31:11.92719+00:00,13e85abc-bf56-4333-b88e-bddb3c8801d9,2025-12-30T19:31:11.92719+00:00,Batata
07935d53-afe5-4863-af04-5a5dec3181a8,2025-12-30T19:31:11.92719+00:00,13e85abc-bf56-4333-b88e-bddb3c8801d9,2025-12-30T19:31:11.92719+00:00,Batata-Doce
f99fdcf3-3356-4d03-8e3a-0792e5a7d269,2025-12-30T19:31:11.92719+00:00,13e85abc-bf56-4333-b88e-bddb3c8801d9,2025-12-30T19:31:11.92719+00:00,Beldroega
2f837392-6153-48b7-839e-48ea103e38f9,2025-12-30T19:31:11.92719+00:00,13e85abc-bf56-4333-b88e-bddb3c8801d9,2025-12-30T19:31:11.92719+00:00,Berinjela
fa46943c-29d7-4c94-a932-a9301a171ae3,2025-12-30T19:31:11.92719+00:00,13e85abc-bf56-4333-b88e-bddb3c8801d9,2025-12-30T19:31:11.92719+00:00,Beterraba
440ff5e8-c3ce-4f6a-af2e-b7328d2fae34,2025-12-30T19:31:11.92719+00:00,13e85abc-bf56-4333-b88e-bddb3c8801d9,2025-12-30T19:31:11.92719+00:00,Brócolis
8cf95ec2-4064-496d-acde-bbe1fe56034a,2025-12-30T19:31:11.92719+00:00,13e85abc-bf56-4333-b88e-bddb3c8801d9,2025-12-30T19:31:11.92719+00:00,Cebola
8efc1230-234d-43a0-aeff-01f2abcb61f7,2025-12-30T19:31:11.92719+00:00,13e85abc-bf56-4333-b88e-bddb3c8801d9,2025-12-30T19:31:11.92719+00:00,Cebola Amarela
4ee00ac7-0a0f-4e80-8e57-db634c6ce9fd,2025-12-30T19:31:11.92719+00:00,13e85abc-bf56-4333-b88e-bddb3c8801d9,2025-12-30T19:31:11.92719+00:00,Cebola Branca
7727546d-a2fa-4256-8d54-6b87311e8f64,2025-12-30T19:31:11.92719+00:00,13e85abc-bf56-4333-b88e-bddb3c8801d9,2025-12-30T19:31:11.92719+00:00,Cebola Roxa
4f55b62c-3f8e-4810-bfce-cb6ed4e9a9d8,2025-12-30T19:31:11.92719+00:00,13e85abc-bf56-4333-b88e-bddb3c8801d9,2025-12-30T19:31:11.92719+00:00,Cebolinha
f0bbd529-157f-4aa7-b57f-5e7b3532379b,2025-12-30T19:31:11.92719+00:00,13e85abc-bf56-4333-b88e-bddb3c8801d9,2025-12-30T19:31:11.92719+00:00,Cenoura
34f1a4ee-dcf5-424d-a371-0ceefc40fb5f,2025-12-30T19:31:11.92719+00:00,13e85abc-bf56-4333-b88e-bddb3c8801d9,2025-12-30T19:31:11.92719+00:00,Chuchu
36227119-f8d2-497e-afc3-efb1c4919f5a,2025-12-30T19:31:11.92719+00:00,13e85abc-bf56-4333-b88e-bddb3c8801d9,2025-12-30T19:31:11.92719+00:00,Coentro
10d225e6-16c5-44f5-8def-e4442ee5fa9f,2025-12-30T19:31:11.92719+00:00,13e85abc-bf56-4333-b88e-bddb3c8801d9,2025-12-30T19:31:11.92719+00:00,Cogumelo
53d5a9ea-e2b2-4fa4-b1ba-2a1eaa194849,2025-12-30T19:31:11.92719+00:00,13e85abc-bf56-4333-b88e-bddb3c8801d9,2025-12-30T19:31:11.92719+00:00,Couve
0392d511-45d9-4ad7-a476-b56283a9e8bb,2025-12-30T19:31:11.92719+00:00,13e85abc-bf56-4333-b88e-bddb3c8801d9,2025-12-30T19:31:11.92719+00:00,Couve-Flor
68a5024d-db7f-4d9c-9fa9-d9cdd9099c1f,2025-12-30T19:31:11.92719+00:00,13e85abc-bf56-4333-b88e-bddb3c8801d9,2025-12-30T19:31:11.92719+00:00,Ervilha
dab84952-581a-476f-8775-30219a3f348f,2025-12-30T19:31:11.92719+00:00,13e85abc-bf56-4333-b88e-bddb3c8801d9,2025-12-30T19:31:11.92719+00:00,Espinafre
66c27788-1955-4403-913a-a1e5efa8bc20,2025-12-30T19:31:11.92719+00:00,13e85abc-bf56-4333-b88e-bddb3c8801d9,2025-12-30T19:31:11.92719+00:00,Gengibre
0c91a1cf-e88f-4a40-8722-295937cc1626,2025-12-30T19:31:11.92719+00:00,13e85abc-bf56-4333-b88e-bddb3c8801d9,2025-12-30T19:31:11.92719+00:00,Hortelã
52a002e3-7e21-480a-92f4-b55234da0197,2025-12-30T19:31:11.92719+00:00,13e85abc-bf56-4333-b88e-bddb3c8801d9,2025-12-30T19:31:11.92719+00:00,Inhame
e21daab9-931d-4952-958f-a6083bfb4856,2025-12-30T19:31:11.92719+00:00,13e85abc-bf56-4333-b88e-bddb3c8801d9,2025-12-30T19:31:11.92719+00:00,Jiló
59c9dd2e-e36d-42bb-8484-63e61637f990,2025-12-30T19:31:11.92719+00:00,13e85abc-bf56-4333-b88e-bddb3c8801d9,2025-12-30T19:31:11.92719+00:00,Mandioquinha
37f990a6-efb5-4d46-8f33-0491587cf2e5,2025-12-30T19:31:11.92719+00:00,13e85abc-bf56-4333-b88e-bddb3c8801d9,2025-12-30T19:31:11.92719+00:00,Manjericão
8c3f845b-5aa7-47a5-b11d-881e1573386f,2025-12-30T19:31:11.92719+00:00,13e85abc-bf56-4333-b88e-bddb3c8801d9,2025-12-30T19:31:11.92719+00:00,Maxixe
8a1145a4-28c2-4817-8cfa-fba7cd894217,2025-12-30T19:31:11.92719+00:00,13e85abc-bf56-4333-b88e-bddb3c8801d9,2025-12-30T19:31:11.92719+00:00,Milho
d67853a8-c4ca-4f6c-98b9-d9bbe0fa243d,2025-12-30T19:31:11.92719+00:00,13e85abc-bf56-4333-b88e-bddb3c8801d9,2025-12-30T19:31:11.92719+00:00,Nabo
9a854200-c19e-49a8-9b9f-5196cdf2e759,2025-12-30T19:31:11.92719+00:00,13e85abc-bf56-4333-b88e-bddb3c8801d9,2025-12-30T19:31:11.92719+00:00,Pepino
b89ec3e0-40e8-4518-a1fb-a6a96da327dc,2025-12-30T19:31:11.92719+00:00,13e85abc-bf56-4333-b88e-bddb3c8801d9,2025-12-30T19:31:11.92719+00:00,Pimenta
2b9b77b5-6d91-45b7-bfb6-7f4fbf7b09f3,2025-12-30T19:31:11.92719+00:00,13e85abc-bf56-4333-b88e-bddb3c8801d9,2025-12-30T19:31:11.92719+00:00,Pimentão
44597488-8174-4262-8539-205ccc8b6531,2025-12-30T19:31:11.92719+00:00,13e85abc-bf56-4333-b88e-bddb3c8801d9,2025-12-30T19:31:11.92719+00:00,Quiabo
9f3c1f2c-4829-40c9-a3c7-f0fd51ca63f0,2025-12-30T19:31:11.92719+00:00,13e85abc-bf56-4333-b88e-bddb3c8801d9,2025-12-30T19:31:11.92719+00:00,Rabanete
2e069f94-8ed3-4744-9c1d-79e194fc4e2c,2025-12-30T19:31:11.92719+00:00,13e85abc-bf56-4333-b88e-bddb3c8801d9,2025-12-30T19:31:11.92719+00:00,Repolho
4353f57f-2379-42f7-897a-2872cdf36a56,2025-12-30T19:31:11.92719+00:00,13e85abc-bf56-4333-b88e-bddb3c8801d9,2025-12-30T19:31:11.92719+00:00,Rúcula
d2561e42-b55a-48f0-8838-47728c8fc64a,2025-12-30T19:31:11.92719+00:00,13e85abc-bf56-4333-b88e-bddb3c8801d9,2025-12-30T19:31:11.92719+00:00,Salsa
9bd18087-75e6-46ef-bed5-0a2df309f7ea,2025-12-30T19:31:11.92719+00:00,13e85abc-bf56-4333-b88e-bddb3c8801d9,2025-12-30T19:31:11.92719+00:00,Salsão
9ad545c6-e027-49cc-8071-0b196e8c0518,2025-12-30T19:31:11.92719+00:00,13e85abc-bf56-4333-b88e-bddb3c8801d9,2025-12-30T19:31:11.92719+00:00,Salsinha
a8bb4dd2-afb5-4ad3-b8ee-52937b658f0d,2025-12-30T19:31:11.92719+00:00,13e85abc-bf56-4333-b88e-bddb3c8801d9,2025-12-30T19:31:11.92719+00:00,Tomate
6a66a087-2bac-474b-9d67-f7f7e54890f5,2025-12-30T19:31:11.92719+00:00,13e85abc-bf56-4333-b88e-bddb3c8801d9,2025-12-30T19:31:11.92719+00:00,Vagem
a43b4be4-0545-47ab-a4de-2a1fecc645b1,2025-12-30T19:31:11.92719+00:00,13e85abc-bf56-4333-b88e-bddb3c8801d9,2025-12-30T19:31:11.92719+00:00,Abacaxi
54aad58a-2358-418a-a3a6-e061d95630da,2025-12-30T19:31:11.92719+00:00,13e85abc-bf56-4333-b88e-bddb3c8801d9,2025-12-30T19:31:11.92719+00:00,Acerola
5b3f5106-8a47-4fed-bf08-cc06fcccc594,2025-12-30T19:31:11.92719+00:00,13e85abc-bf56-4333-b88e-bddb3c8801d9,2025-12-30T19:31:11.92719+00:00,Ameixa
19f5c632-f117-48b9-ad54-906b0169a5e3,2025-12-30T19:31:11.92719+00:00,13e85abc-bf56-4333-b88e-bddb3c8801d9,2025-12-30T19:31:11.92719+00:00,Ameixa Seca
8cc5e001-e0bd-4114-9531-bea5ca18e27f,2025-12-30T19:31:11.92719+00:00,13e85abc-bf56-4333-b88e-bddb3c8801d9,2025-12-30T19:31:11.92719+00:00,Amêndoa
88df4b60-08c8-4014-897c-c4021e5b4592,2025-12-30T19:31:11.92719+00:00,13e85abc-bf56-4333-b88e-bddb3c8801d9,2025-12-30T19:31:11.92719+00:00,Amora
fd6d486c-5731-4628-acad-f90156267d4b,2025-12-30T19:31:11.92719+00:00,13e85abc-bf56-4333-b88e-bddb3c8801d9,2025-12-30T19:31:11.92719+00:00,Avelã
a645f53d-709f-4265-ada3-691c4d14fcdc,2025-12-30T19:31:11.92719+00:00,13e85abc-bf56-4333-b88e-bddb3c8801d9,2025-12-30T19:31:11.92719+00:00,Banana
b4f4d985-a948-41c1-9d2f-5eb908fb6543,2025-12-30T19:31:11.92719+00:00,13e85abc-bf56-4333-b88e-bddb3c8801d9,2025-12-30T19:31:11.92719+00:00,Cacau
f5acf196-a685-4334-a259-6cb5b640e7db,2025-12-30T19:31:11.92719+00:00,13e85abc-bf56-4333-b88e-bddb3c8801d9,2025-12-30T19:31:11.92719+00:00,Caju
cac5b2e6-765e-487f-8d43-ec794cd65da3,2025-12-30T19:31:11.92719+00:00,13e85abc-bf56-4333-b88e-bddb3c8801d9,2025-12-30T19:31:11.92719+00:00,Caqui
b541f7f4-0769-494d-afb3-e89a0647ce63,2025-12-30T19:31:11.92719+00:00,13e85abc-bf56-4333-b88e-bddb3c8801d9,2025-12-30T19:31:11.92719+00:00,Carambola
45d53acd-ab57-4bc3-9fc2-d4923754c7b0,2025-12-30T19:31:11.92719+00:00,13e85abc-bf56-4333-b88e-bddb3c8801d9,2025-12-30T19:31:11.92719+00:00,Castanha
55ab8148-ab14-47d5-a240-3fe183a5f2e7,2025-12-30T19:31:11.92719+00:00,13e85abc-bf56-4333-b88e-bddb3c8801d9,2025-12-30T19:31:11.92719+00:00,Coco
6769ebeb-978f-43e0-b7c9-97a5dc7516aa,2025-12-30T19:31:11.92719+00:00,13e85abc-bf56-4333-b88e-bddb3c8801d9,2025-12-30T19:31:11.92719+00:00,Cupuaçu
334c7bac-3f03-40e2-832e-c4ad036f3ddc,2025-12-30T19:31:11.92719+00:00,13e85abc-bf56-4333-b88e-bddb3c8801d9,2025-12-30T19:31:11.92719+00:00,Damasco
04f6651e-6ee1-4636-8b2b-ac6f4bae84d8,2025-12-30T19:31:11.92719+00:00,13e85abc-bf56-4333-b88e-bddb3c8801d9,2025-12-30T19:31:11.92719+00:00,Damasco Seco
8925eff5-4bde-4910-aa36-982aa47f74e3,2025-12-30T19:31:11.92719+00:00,13e85abc-bf56-4333-b88e-bddb3c8801d9,2025-12-30T19:31:11.92719+00:00,Figo
ee734029-3a34-408f-a247-b13b3a6b6c66,2025-12-30T19:31:11.92719+00:00,13e85abc-bf56-4333-b88e-bddb3c8801d9,2025-12-30T19:31:11.92719+00:00,Framboesa
655d0d9c-a501-482e-a0f4-861ddb7fb9de,2025-12-30T19:31:11.92719+00:00,13e85abc-bf56-4333-b88e-bddb3c8801d9,2025-12-30T19:31:11.92719+00:00,Goiaba
23d89793-4eeb-4cf2-9a78-6c1b70bd2950,2025-12-30T19:31:11.92719+00:00,13e85abc-bf56-4333-b88e-bddb3c8801d9,2025-12-30T19:31:11.92719+00:00,Graviola
d27830e7-c10f-4654-b7ad-05ee12d7399e,2025-12-30T19:31:11.92719+00:00,13e85abc-bf56-4333-b88e-bddb3c8801d9,2025-12-30T19:31:11.92719+00:00,Jabuticaba
af5cf884-c544-4ac9-b5aa-7e72291c256a,2025-12-30T19:31:11.92719+00:00,13e85abc-bf56-4333-b88e-bddb3c8801d9,2025-12-30T19:31:11.92719+00:00,Jaca
74e73ddd-1791-4dfc-a207-44224874f632,2025-12-30T19:31:11.92719+00:00,13e85abc-bf56-4333-b88e-bddb3c8801d9,2025-12-30T19:31:11.92719+00:00,Kiwi
8739b1bf-8b13-4e08-8270-4aeb36089f69,2025-12-30T19:31:11.92719+00:00,13e85abc-bf56-4333-b88e-bddb3c8801d9,2025-12-30T19:31:11.92719+00:00,Laranja
b1a757a2-8de0-47b6-a1e4-d6918e28eac8,2025-12-30T19:31:11.92719+00:00,13e85abc-bf56-4333-b88e-bddb3c8801d9,2025-12-30T19:31:11.92719+00:00,Laranja
44782bae-7db1-42b4-a08d-6e5b102bee83,2025-12-30T19:31:11.92719+00:00,13e85abc-bf56-4333-b88e-bddb3c8801d9,2025-12-30T19:31:11.92719+00:00,Lichia
cf8db9b0-2d40-482e-a31c-0266dbfda801,2025-12-30T19:31:11.92719+00:00,13e85abc-bf56-4333-b88e-bddb3c8801d9,2025-12-30T19:31:11.92719+00:00,Limão
ddd7aa1b-ee53-4dc0-969b-d20afdf5ee11,2025-12-30T19:31:11.92719+00:00,13e85abc-bf56-4333-b88e-bddb3c8801d9,2025-12-30T19:31:11.92719+00:00,Maçã
3cdce440-6874-4f21-8787-d8907edfcd4c,2025-12-30T19:31:11.92719+00:00,13e85abc-bf56-4333-b88e-bddb3c8801d9,2025-12-30T19:31:11.92719+00:00,Macadâmia
46fcb33a-3261-4f33-bbf9-038cb56b6fd1,2025-12-30T19:31:11.92719+00:00,13e85abc-bf56-4333-b88e-bddb3c8801d9,2025-12-30T19:31:11.92719+00:00,Mamão
a6f777cd-72f9-48d6-ab83-15c05f5b9c39,2025-12-30T19:31:11.92719+00:00,13e85abc-bf56-4333-b88e-bddb3c8801d9,2025-12-30T19:31:11.92719+00:00,Manga
bd9ca52f-b4c5-4883-84ee-3b63e986d16c,2025-12-30T19:31:11.92719+00:00,13e85abc-bf56-4333-b88e-bddb3c8801d9,2025-12-30T19:31:11.92719+00:00,Maracujá
2056ff18-4165-42ed-bbe5-07ebd4290f86,2025-12-30T19:31:11.92719+00:00,13e85abc-bf56-4333-b88e-bddb3c8801d9,2025-12-30T19:31:11.92719+00:00,Melancia
90e7dfc3-6a32-452c-b64c-f6ddcdfa0bc5,2025-12-30T19:31:11.92719+00:00,13e85abc-bf56-4333-b88e-bddb3c8801d9,2025-12-30T19:31:11.92719+00:00,Melão
352121e4-8c84-4798-a6ac-3b23be5aaaaa,2025-12-30T19:31:11.92719+00:00,13e85abc-bf56-4333-b88e-bddb3c8801d9,2025-12-30T19:31:11.92719+00:00,Morango
756f1b5b-da8e-492c-bcd9-c2e395275b84,2025-12-30T19:31:11.92719+00:00,13e85abc-bf56-4333-b88e-bddb3c8801d9,2025-12-30T19:31:11.92719+00:00,Nozes
8e575258-914a-49e5-a53c-d68a3cc736bf,2025-12-30T19:31:11.92719+00:00,13e85abc-bf56-4333-b88e-bddb3c8801d9,2025-12-30T19:31:11.92719+00:00,Pera
1ec30b8b-1b1d-4822-89cf-82604986023a,2025-12-30T19:31:11.92719+00:00,13e85abc-bf56-4333-b88e-bddb3c8801d9,2025-12-30T19:31:11.92719+00:00,Pera
f5cb1809-3045-4df8-b195-eaead453891f,2025-12-30T19:31:11.92719+00:00,13e85abc-bf56-4333-b88e-bddb3c8801d9,2025-12-30T19:31:11.92719+00:00,Pêssego
f3876382-cd11-4de4-a9df-e245aacefd0b,2025-12-30T19:31:11.92719+00:00,13e85abc-bf56-4333-b88e-bddb3c8801d9,2025-12-30T19:31:11.92719+00:00,Physalis
65b6e2c0-6dd2-46e6-ba2e-6bb19be36acb,2025-12-30T19:31:11.92719+00:00,13e85abc-bf56-4333-b88e-bddb3c8801d9,2025-12-30T19:31:11.92719+00:00,Pistache
f1702b70-e985-4d39-9c0a-a1ca77d4e88c,2025-12-30T19:31:11.92719+00:00,13e85abc-bf56-4333-b88e-bddb3c8801d9,2025-12-30T19:31:11.92719+00:00,Pitaya
b6c0742f-6a9b-4575-91f8-ae66b5ee1221,2025-12-30T19:31:11.92719+00:00,13e85abc-bf56-4333-b88e-bddb3c8801d9,2025-12-30T19:31:11.92719+00:00,Romã
c6d1bae1-4f04-4e8e-8faf-17ac829389a9,2025-12-30T19:31:11.92719+00:00,13e85abc-bf56-4333-b88e-bddb3c8801d9,2025-12-30T19:31:11.92719+00:00,Tâmara
978f9fa3-eae8-4b23-9117-bd6df2555feb,2025-12-30T19:31:11.92719+00:00,13e85abc-bf56-4333-b88e-bddb3c8801d9,2025-12-30T19:31:11.92719+00:00,Tamarindo
6687c26c-4833-46c1-8c49-06cadb454134,2025-12-30T19:31:11.92719+00:00,13e85abc-bf56-4333-b88e-bddb3c8801d9,2025-12-30T19:31:11.92719+00:00,Tangerina
e658a76b-1eee-4f3b-a327-341db04ed06f,2025-12-30T19:31:11.92719+00:00,13e85abc-bf56-4333-b88e-bddb3c8801d9,2025-12-30T19:31:11.92719+00:00,Uva
9227a253-72d7-4082-b699-eecc08136d8f,2025-12-30T19:31:11.92719+00:00,13e85abc-bf56-4333-b88e-bddb3c8801d9,2025-12-30T19:31:11.92719+00:00,Uva Passa
17a9d26c-af0d-4c0a-8f72-bc6a7792c54a,2025-12-30T19:31:11.92719+00:00,48e45f47-5b9a-482f-8cba-d27c0c42a7b6,2025-12-30T19:31:11.92719+00:00,Iogurte
96f1caa1-7688-464b-bb4b-9d8db24ce6ed,2025-12-30T19:31:11.92719+00:00,48e45f47-5b9a-482f-8cba-d27c0c42a7b6,2025-12-30T19:31:11.92719+00:00,Leite
84d73a2d-316c-43e7-adaf-9bf0aa6804f3,2025-12-30T19:31:11.92719+00:00,48e45f47-5b9a-482f-8cba-d27c0c42a7b6,2025-12-30T19:31:11.92719+00:00,Manteiga
116685a5-0158-4d1e-8427-2fe233e3d72e,2025-12-30T19:31:11.92719+00:00,48e45f47-5b9a-482f-8cba-d27c0c42a7b6,2025-12-30T19:31:11.92719+00:00,Queijo
43a2ff9a-104b-4953-a258-b00f6dca9a5b,2025-12-30T19:31:11.92719+00:00,b6ee5875-9888-4c77-acb2-e82f6c243366,2025-12-30T19:31:11.92719+00:00,Água Sanitária
c3fba285-b924-4527-b29c-1c22c4fad2c7,2025-12-30T19:31:11.92719+00:00,b6ee5875-9888-4c77-acb2-e82f6c243366,2025-12-30T19:31:11.92719+00:00,Álcool 70%
5aef7209-4c1d-4ffb-8f56-97cd4489c635,2025-12-30T19:31:11.92719+00:00,b6ee5875-9888-4c77-acb2-e82f6c243366,2025-12-30T19:31:11.92719+00:00,Álcool em Gel
40ba5b65-66ef-40ac-aa39-8a9d5e0c49fd,2025-12-30T19:31:11.92719+00:00,b6ee5875-9888-4c77-acb2-e82f6c243366,2025-12-30T19:31:11.92719+00:00,Amaciante
5cf8b7db-6095-4686-b717-33ccf530d865,2025-12-30T19:31:11.92719+00:00,b6ee5875-9888-4c77-acb2-e82f6c243366,2025-12-30T19:31:11.92719+00:00,Balde
dc6953e5-e523-4a29-ba8e-fc8f08093d2d,2025-12-30T19:31:11.92719+00:00,b6ee5875-9888-4c77-acb2-e82f6c243366,2025-12-30T19:31:11.92719+00:00,Detergente
8cacab5f-6a81-48e1-ae5c-0ab4cacb77b7,2025-12-30T19:31:11.92719+00:00,b6ee5875-9888-4c77-acb2-e82f6c243366,2025-12-30T19:31:11.92719+00:00,Detergente Líquido
d5a8559d-5cfe-4d8c-8e1e-60566d03f988,2025-12-30T19:31:11.92719+00:00,b6ee5875-9888-4c77-acb2-e82f6c243366,2025-12-30T19:31:11.92719+00:00,Esponja de Aço
f983589c-1698-4308-9f20-9188cb9e2eac,2025-12-30T19:31:11.92719+00:00,b6ee5875-9888-4c77-acb2-e82f6c243366,2025-12-30T19:31:11.92719+00:00,Inseticida
e93d0bd8-5232-4216-9f03-11e9d486e7bc,2025-12-30T19:31:11.92719+00:00,b6ee5875-9888-4c77-acb2-e82f6c243366,2025-12-30T19:31:11.92719+00:00,Limpa Aço
ffc4af8f-304f-4494-8dde-f531b2ea1d22,2025-12-30T19:31:11.92719+00:00,b6ee5875-9888-4c77-acb2-e82f6c243366,2025-12-30T19:31:11.92719+00:00,Limpa Acrílico
f9076db8-82de-48e0-8dc8-badb40598e9c,2025-12-30T19:31:11.92719+00:00,b6ee5875-9888-4c77-acb2-e82f6c243366,2025-12-30T19:31:11.92719+00:00,Limpa Alumínio
cbcc45c0-6ba8-4c4e-aab2-6b307e0be526,2025-12-30T19:31:11.92719+00:00,b6ee5875-9888-4c77-acb2-e82f6c243366,2025-12-30T19:31:11.92719+00:00,Limpa Ardósia
0ae18387-680a-47d2-918a-31356a6d6283,2025-12-30T19:31:11.92719+00:00,b6ee5875-9888-4c77-acb2-e82f6c243366,2025-12-30T19:31:11.92719+00:00,Limpa Azulejo
2222ba6a-7c2b-4766-aab6-f954da9040eb,2025-12-30T19:31:11.92719+00:00,b6ee5875-9888-4c77-acb2-e82f6c243366,2025-12-30T19:31:11.92719+00:00,Limpa Banheiro
c2b5b44c-6eea-4f55-aba3-d5353c87ef45,2025-12-30T19:31:11.92719+00:00,b6ee5875-9888-4c77-acb2-e82f6c243366,2025-12-30T19:31:11.92719+00:00,Limpa Bronze
c0924e3b-65ec-4c29-ac8c-209c8cc56701,2025-12-30T19:31:11.92719+00:00,b6ee5875-9888-4c77-acb2-e82f6c243366,2025-12-30T19:31:11.92719+00:00,Limpa Carpete
14ae14df-23c4-4158-9c2c-810e2afdf218,2025-12-30T19:31:11.92719+00:00,b6ee5875-9888-4c77-acb2-e82f6c243366,2025-12-30T19:31:11.92719+00:00,Limpa Cerâmica
0c011132-6414-42a8-a204-1b0588d5018c,2025-12-30T19:31:11.92719+00:00,b6ee5875-9888-4c77-acb2-e82f6c243366,2025-12-30T19:31:11.92719+00:00,Limpa Cobre
33247913-8b03-4f93-839d-234488462bdc,2025-12-30T19:31:11.92719+00:00,b6ee5875-9888-4c77-acb2-e82f6c243366,2025-12-30T19:31:11.92719+00:00,Limpa Concreto
d407f05b-e2b6-41b9-b7bd-d3213a63f98e,2025-12-30T19:31:11.92719+00:00,b6ee5875-9888-4c77-acb2-e82f6c243366,2025-12-30T19:31:11.92719+00:00,Limpa Couro
0e314ed3-569f-4849-83e2-c6796a67cef2,2025-12-30T19:31:11.92719+00:00,b6ee5875-9888-4c77-acb2-e82f6c243366,2025-12-30T19:31:11.92719+00:00,Limpa Cozinha
dbb906df-4748-4e4f-a7ee-924e14518cdc,2025-12-30T19:31:11.92719+00:00,b6ee5875-9888-4c77-acb2-e82f6c243366,2025-12-30T19:31:11.92719+00:00,Limpa Cromo
f6b1ce7a-60ff-4791-ba59-30777649f0d6,2025-12-30T19:31:11.92719+00:00,b6ee5875-9888-4c77-acb2-e82f6c243366,2025-12-30T19:31:11.92719+00:00,Limpa Drywall
df49c739-419a-4b61-b73b-92a020ecd995,2025-12-30T19:31:11.92719+00:00,b6ee5875-9888-4c77-acb2-e82f6c243366,2025-12-30T19:31:11.92719+00:00,Limpa Estanho
97eba2e4-0588-4d01-a7c7-1cf410a06055,2025-12-30T19:31:11.92719+00:00,b6ee5875-9888-4c77-acb2-e82f6c243366,2025-12-30T19:31:11.92719+00:00,Limpa Ferro
8c193eb6-c34e-4c9a-b481-210f991a1169,2025-12-30T19:31:11.92719+00:00,b6ee5875-9888-4c77-acb2-e82f6c243366,2025-12-30T19:31:11.92719+00:00,Limpa Forno
96c0bf53-479f-469a-afec-0b2bda845198,2025-12-30T19:31:11.92719+00:00,b6ee5875-9888-4c77-acb2-e82f6c243366,2025-12-30T19:31:11.92719+00:00,Limpa Gesso
59485b04-22c2-43c9-93c3-975d13ba5339,2025-12-30T19:31:11.92719+00:00,b6ee5875-9888-4c77-acb2-e82f6c243366,2025-12-30T19:31:11.92719+00:00,Limpa Granito
c7c081cb-4e76-4a18-a8bd-ee8020fa9c73,2025-12-30T19:31:11.92719+00:00,b6ee5875-9888-4c77-acb2-e82f6c243366,2025-12-30T19:31:11.92719+00:00,Limpa Inox
b76b66b6-6c7d-448d-94e9-dcd083722072,2025-12-30T19:31:11.92719+00:00,b6ee5875-9888-4c77-acb2-e82f6c243366,2025-12-30T19:31:11.92719+00:00,Limpa Latão
9d50311a-ef3a-4883-94be-5951f64ac000,2025-12-30T19:31:11.92719+00:00,b6ee5875-9888-4c77-acb2-e82f6c243366,2025-12-30T19:31:11.92719+00:00,Limpa Madeira
78349ae1-fd73-479c-b416-878044100bac,2025-12-30T19:31:11.92719+00:00,b6ee5875-9888-4c77-acb2-e82f6c243366,2025-12-30T19:31:11.92719+00:00,Limpa Mármore
8f099273-ca48-48bb-8e3f-4096f1721679,2025-12-30T19:31:11.92719+00:00,b6ee5875-9888-4c77-acb2-e82f6c243366,2025-12-30T19:31:11.92719+00:00,Limpa Níquel
6a29b36e-079c-4561-9e0f-e84d96659638,2025-12-30T19:31:11.92719+00:00,b6ee5875-9888-4c77-acb2-e82f6c243366,2025-12-30T19:31:11.92719+00:00,Limpa Nylon
eacf7772-a286-4d16-9a8c-41be9e75b3a3,2025-12-30T19:31:11.92719+00:00,b6ee5875-9888-4c77-acb2-e82f6c243366,2025-12-30T19:31:11.92719+00:00,Limpa Ouro
a3fc7660-621f-45b5-b20f-b2c4ccf062b3,2025-12-30T19:31:11.92719+00:00,b6ee5875-9888-4c77-acb2-e82f6c243366,2025-12-30T19:31:11.92719+00:00,Limpa Pedra
7be8aed7-5430-45d5-8fae-b400ba43e4a6,2025-12-30T19:31:11.92719+00:00,b6ee5875-9888-4c77-acb2-e82f6c243366,2025-12-30T19:31:11.92719+00:00,Limpa Pisos
20a16f37-aa39-4eef-a6a1-0c9909a17832,2025-12-30T19:31:11.92719+00:00,b6ee5875-9888-4c77-acb2-e82f6c243366,2025-12-30T19:31:11.92719+00:00,Limpa Plástico
ee6c5093-9e5c-4fa8-af74-cb33422768fb,2025-12-30T19:31:11.92719+00:00,b6ee5875-9888-4c77-acb2-e82f6c243366,2025-12-30T19:31:11.92719+00:00,Limpa Poliacetato
14e90280-1ed0-437d-a23d-570ebde75b7f,2025-12-30T19:31:11.92719+00:00,b6ee5875-9888-4c77-acb2-e82f6c243366,2025-12-30T19:31:11.92719+00:00,Limpa Poliacrílico
a57673f3-6e9e-46b5-becb-3438530834d9,2025-12-30T19:31:11.92719+00:00,b6ee5875-9888-4c77-acb2-e82f6c243366,2025-12-30T19:31:11.92719+00:00,Limpa Poliamida
04859f88-bac8-4cfb-a849-d949a913c265,2025-12-30T19:31:11.92719+00:00,b6ee5875-9888-4c77-acb2-e82f6c243366,2025-12-30T19:31:11.92719+00:00,Limpa Policarbonato
208eff12-d5b7-49e3-ab70-8cef3d5415c3,2025-12-30T19:31:11.92719+00:00,b6ee5875-9888-4c77-acb2-e82f6c243366,2025-12-30T19:31:11.92719+00:00,Limpa Poliéster
afbdedd3-b6de-4560-bce2-b35c27adcc50,2025-12-30T19:31:11.92719+00:00,b6ee5875-9888-4c77-acb2-e82f6c243366,2025-12-30T19:31:11.92719+00:00,Limpa Poliestireno
f6720ebc-9780-4361-af49-de70129d32d7,2025-12-30T19:31:11.92719+00:00,b6ee5875-9888-4c77-acb2-e82f6c243366,2025-12-30T19:31:11.92719+00:00,Limpa Polietileno
0c0e28c5-741a-4ed8-96a8-5cdc41dcc049,2025-12-30T19:31:11.92719+00:00,b6ee5875-9888-4c77-acb2-e82f6c243366,2025-12-30T19:31:11.92719+00:00,Limpa Polipropileno
e678dd65-f182-4e6a-97b5-ccf06de2ea01,2025-12-30T19:31:11.92719+00:00,b6ee5875-9888-4c77-acb2-e82f6c243366,2025-12-30T19:31:11.92719+00:00,Limpa Poliuretano
dde13b06-5410-4aab-bb99-8eccab37708b,2025-12-30T19:31:11.92719+00:00,b6ee5875-9888-4c77-acb2-e82f6c243366,2025-12-30T19:31:11.92719+00:00,Limpa Polivinil
3e9c07ba-46cb-4e85-9a98-ea38198a5038,2025-12-30T19:31:11.92719+00:00,b6ee5875-9888-4c77-acb2-e82f6c243366,2025-12-30T19:31:11.92719+00:00,Limpa Porcelana
d8c0547a-792e-4911-a8ff-d02c95385885,2025-12-30T19:31:11.92719+00:00,b6ee5875-9888-4c77-acb2-e82f6c243366,2025-12-30T19:31:11.92719+00:00,Limpa Prata
c3b4dc94-7abf-4033-ac74-e6d2df31ce8e,2025-12-30T19:31:11.92719+00:00,b6ee5875-9888-4c77-acb2-e82f6c243366,2025-12-30T19:31:11.92719+00:00,Limpa PVC
13edc5db-f890-4921-9dce-c7c5eafaabdb,2025-12-30T19:31:11.92719+00:00,b6ee5875-9888-4c77-acb2-e82f6c243366,2025-12-30T19:31:11.92719+00:00,Limpa Tecido
128714c4-3179-4527-9c70-7d6b73a81736,2025-12-30T19:31:11.92719+00:00,b6ee5875-9888-4c77-acb2-e82f6c243366,2025-12-30T19:31:11.92719+00:00,Limpa Tijolo
210f675e-ef1e-428f-9c57-763813f3704d,2025-12-30T19:31:11.92719+00:00,b6ee5875-9888-4c77-acb2-e82f6c243366,2025-12-30T19:31:11.92719+00:00,Limpa Vidro
cd66a32d-2dac-4fb5-93eb-25d5c95bf0c8,2025-12-30T19:31:11.92719+00:00,b6ee5875-9888-4c77-acb2-e82f6c243366,2025-12-30T19:31:11.92719+00:00,Limpa Vidros
6ddab3b4-741b-41c4-a7b7-6ece48825a39,2025-12-30T19:31:11.92719+00:00,b6ee5875-9888-4c77-acb2-e82f6c243366,2025-12-30T19:31:11.92719+00:00,Lustra Móveis
e3288df1-cb64-4084-b2dd-c4a4557adb54,2025-12-30T19:31:11.92719+00:00,b6ee5875-9888-4c77-acb2-e82f6c243366,2025-12-30T19:31:11.92719+00:00,Pano de Chão
e7a7b05e-d354-4413-bca4-d974718ed1bf,2025-12-30T19:31:11.92719+00:00,b6ee5875-9888-4c77-acb2-e82f6c243366,2025-12-30T19:31:11.92719+00:00,Rodo
77149e4c-234d-4010-8890-9992e591e0eb,2025-12-30T19:31:11.92719+00:00,b6ee5875-9888-4c77-acb2-e82f6c243366,2025-12-30T19:31:11.92719+00:00,Sabão em Barra
37dea0e9-44ec-44ac-a71c-f1b1db6397d0,2025-12-30T19:31:11.92719+00:00,b6ee5875-9888-4c77-acb2-e82f6c243366,2025-12-30T19:31:11.92719+00:00,Sabão em Pó
3f5ce8b5-9af0-485b-94e1-1b9394c60bb2,2025-12-30T19:31:11.92719+00:00,b6ee5875-9888-4c77-acb2-e82f6c243366,2025-12-30T19:31:11.92719+00:00,Sabão Líquido
d3529c1a-2685-451a-bb37-6693a0efcd96,2025-12-30T19:31:11.92719+00:00,b6ee5875-9888-4c77-acb2-e82f6c243366,2025-12-30T19:31:11.92719+00:00,Sabão Omo
b7dae385-b747-4610-bb4d-1b07eb5a60e8,2025-12-30T19:31:11.92719+00:00,b6ee5875-9888-4c77-acb2-e82f6c243366,2025-12-30T19:31:11.92719+00:00,Vassoura
be5169d4-a0e8-4dda-bf2d-f38d6774540c,2025-12-30T19:31:11.92719+00:00,48e45f47-5b9a-482f-8cba-d27c0c42a7b6,2025-12-30T19:31:11.92719+00:00,Macarrão
70527a31-25cb-461b-949b-8b7940295154,2025-12-30T19:31:11.92719+00:00,48e45f47-5b9a-482f-8cba-d27c0c42a7b6,2025-12-30T19:31:11.92719+00:00,Açúcar
d71ce2e9-9806-406a-8b04-cdd9dd04c851,2025-12-30T19:31:11.92719+00:00,48e45f47-5b9a-482f-8cba-d27c0c42a7b6,2025-12-30T19:31:11.92719+00:00,Chá
10dcd82c-9d8d-4cc3-85b5-6f8efcd07fb0,2025-12-30T19:31:11.92719+00:00,48e45f47-5b9a-482f-8cba-d27c0c42a7b6,2025-12-30T19:31:11.92719+00:00,Farinha de Trigo
d51f889d-e90a-41a0-af66-3ccf52655a86,2025-12-30T19:31:11.92719+00:00,48e45f47-5b9a-482f-8cba-d27c0c42a7b6,2025-12-30T19:31:11.92719+00:00,Óleo de Soja
440a44eb-f97c-4850-b76d-76889286e7fa,2025-12-30T19:31:11.92719+00:00,48e45f47-5b9a-482f-8cba-d27c0c42a7b6,2025-12-30T19:31:11.92719+00:00,Sal
8570f2b3-5446-4501-ab22-6dc7ccb850c8,2025-12-30T19:31:11.92719+00:00,18b94bfc-c85a-4642-bbda-968de217246a,2025-12-30T19:31:11.92719+00:00,Bolo de Chocolate
e7c6497c-65b1-4848-8906-794a2382c65c,2025-12-30T19:31:11.92719+00:00,18b94bfc-c85a-4642-bbda-968de217246a,2025-12-30T19:31:11.92719+00:00,Pão de Forma
9813cde2-3afc-4eed-af38-3f95f24b7c59,2025-12-30T19:31:11.92719+00:00,18b94bfc-c85a-4642-bbda-968de217246a,2025-12-30T19:31:11.92719+00:00,Pão de Forma Integral
f63cf475-479a-45c5-93a1-6c18ec490c07,2025-12-30T19:31:11.92719+00:00,18b94bfc-c85a-4642-bbda-968de217246a,2025-12-30T19:31:11.92719+00:00,Pão de Queijo
98977a1f-023f-40d3-a643-7450b4f2ff37,2025-12-30T19:31:11.92719+00:00,18b94bfc-c85a-4642-bbda-968de217246a,2025-12-30T19:31:11.92719+00:00,Pão Francês
f10fe090-85e8-4752-ae3d-1ba35a38cbd6,2025-12-30T19:31:11.92719+00:00,8bd9124b-132a-4d2b-a98c-bfb582669496,2025-12-30T19:31:11.92719+00:00,Coca-cola
e1924b67-8bd3-4a21-8bb4-7adb0113cc6c,2025-12-30T19:31:11.92719+00:00,8bd9124b-132a-4d2b-a98c-bfb582669496,2025-12-30T19:31:11.92719+00:00,Refrigerante de Coca
c2756eac-f705-4ce0-b7ee-6dd550d1ac94,2025-12-30T19:31:11.92719+00:00,8bd9124b-132a-4d2b-a98c-bfb582669496,2025-12-30T19:31:11.92719+00:00,Refrigerante de Coca Zero
bf48bb32-0a79-41ba-8a20-bfb64f5fdb04,2025-12-30T19:31:11.92719+00:00,8bd9124b-132a-4d2b-a98c-bfb582669496,2025-12-30T19:31:11.92719+00:00,Refrigerante de Guaraná
7857631d-d9f5-47e3-bc82-d073f01bb0ce,2025-12-30T19:31:11.92719+00:00,8bd9124b-132a-4d2b-a98c-bfb582669496,2025-12-30T19:31:11.92719+00:00,Refrigerante de Guaraná Zero
8f17a326-7030-47b1-871f-e7512de935df,2025-12-30T19:31:11.92719+00:00,8bd9124b-132a-4d2b-a98c-bfb582669496,2025-12-30T19:31:11.92719+00:00,Refrigerante de Laranja
538e9ea1-f1e3-407f-919c-d7b3f44488b4,2025-12-30T19:31:11.92719+00:00,8bd9124b-132a-4d2b-a98c-bfb582669496,2025-12-30T19:31:11.92719+00:00,Refrigerante de Laranja Zero
d73c8399-d885-465c-b30c-c940dd46cb0c,2025-12-30T19:31:11.92719+00:00,8bd9124b-132a-4d2b-a98c-bfb582669496,2025-12-30T19:31:11.92719+00:00,Refrigerante de Limão
60139c25-d07c-4fa4-be29-e44833f7ddad,2025-12-30T19:31:11.92719+00:00,8bd9124b-132a-4d2b-a98c-bfb582669496,2025-12-30T19:31:11.92719+00:00,Refrigerante de Limão Siciliano
a5b902c6-0ed5-40f4-99dc-fd60a261529f,2025-12-30T19:31:11.92719+00:00,8bd9124b-132a-4d2b-a98c-bfb582669496,2025-12-30T19:31:11.92719+00:00,Refrigerante de Limão Siciliano Zero
b292d798-1bd1-4731-b7b4-20f886747a2f,2025-12-30T19:31:11.92719+00:00,8bd9124b-132a-4d2b-a98c-bfb582669496,2025-12-30T19:31:11.92719+00:00,Refrigerante de Limão Zero
713d242c-0bee-4ea3-aefe-e6dda32c8b20,2025-12-30T19:31:11.92719+00:00,8bd9124b-132a-4d2b-a98c-bfb582669496,2025-12-30T19:31:11.92719+00:00,Refrigerante de Maçã Verde
0ce29c75-bbc0-4be1-bd60-13acd8255903,2025-12-30T19:31:11.92719+00:00,8bd9124b-132a-4d2b-a98c-bfb582669496,2025-12-30T19:31:11.92719+00:00,Refrigerante de Maçã Verde Zero
9efee940-354a-412b-af5e-7d2aab402ace,2025-12-30T19:31:11.92719+00:00,8bd9124b-132a-4d2b-a98c-bfb582669496,2025-12-30T19:31:11.92719+00:00,Refrigerante de Maracujá
a356a088-a748-4277-a7ea-91f3c675b0ab,2025-12-30T19:31:11.92719+00:00,8bd9124b-132a-4d2b-a98c-bfb582669496,2025-12-30T19:31:11.92719+00:00,Refrigerante de Maracujá Zero
425c9bf8-9e11-4d7a-82b8-e12c9a5d39fa,2025-12-30T19:31:11.92719+00:00,8bd9124b-132a-4d2b-a98c-bfb582669496,2025-12-30T19:31:11.92719+00:00,Refrigerante de Tangerina
61d771bf-b379-40b6-bfeb-8860dce5b36e,2025-12-30T19:31:11.92719+00:00,8bd9124b-132a-4d2b-a98c-bfb582669496,2025-12-30T19:31:11.92719+00:00,Refrigerante de Tangerina Zero
7d0fe71b-75ba-4d6b-a8fd-d5b79fca30aa,2025-12-30T19:31:11.92719+00:00,8bd9124b-132a-4d2b-a98c-bfb582669496,2025-12-30T19:31:11.92719+00:00,Refrigerante de Tutti-Frutti
a12c09f2-a49c-438c-bb7f-a1ada65001b1,2025-12-30T19:31:11.92719+00:00,8bd9124b-132a-4d2b-a98c-bfb582669496,2025-12-30T19:31:11.92719+00:00,Refrigerante de Tutti-Frutti Zero
a625a001-ba21-4791-a8f3-236923967da8,2025-12-30T19:31:11.92719+00:00,8bd9124b-132a-4d2b-a98c-bfb582669496,2025-12-30T19:31:11.92719+00:00,Refrigerante de Uva
aec854f2-9a44-47ff-af52-6524138f769a,2025-12-30T19:31:11.92719+00:00,8bd9124b-132a-4d2b-a98c-bfb582669496,2025-12-30T19:31:11.92719+00:00,Refrigerante de Uva Zero
13f94094-89fe-4ac7-8bf8-82560df4ad3a,2025-12-30T19:31:11.92719+00:00,8bd9124b-132a-4d2b-a98c-bfb582669496,2025-12-30T19:31:11.92719+00:00,Suco de Abacaxi
a6597351-13df-484c-b4cc-60163366377c,2025-12-30T19:31:11.92719+00:00,8bd9124b-132a-4d2b-a98c-bfb582669496,2025-12-30T19:31:11.92719+00:00,Suco de Acerola
5ff9b389-7244-4dfe-9028-75d8272f1136,2025-12-30T19:31:11.92719+00:00,8bd9124b-132a-4d2b-a98c-bfb582669496,2025-12-30T19:31:11.92719+00:00,Suco de Caju
38696aaa-885d-42ef-bde7-a83463a0ef40,2025-12-30T19:31:11.92719+00:00,8bd9124b-132a-4d2b-a98c-bfb582669496,2025-12-30T19:31:11.92719+00:00,Suco de Goiaba
b319eb17-a460-4472-9c64-13d15b7147a9,2025-12-30T19:31:11.92719+00:00,8bd9124b-132a-4d2b-a98c-bfb582669496,2025-12-30T19:31:11.92719+00:00,Suco de Laranja
651b07cf-1b38-450b-8242-5c9bd6e7f2cc,2025-12-30T19:31:11.92719+00:00,8bd9124b-132a-4d2b-a98c-bfb582669496,2025-12-30T19:31:11.92719+00:00,Suco de Limão
180821ef-b33e-4391-aedb-f477f6b6fce5,2025-12-30T19:31:11.92719+00:00,8bd9124b-132a-4d2b-a98c-bfb582669496,2025-12-30T19:31:11.92719+00:00,Suco de Maçã
091bd75b-349c-4558-8c6a-5dcb3a9318c1,2025-12-30T19:31:11.92719+00:00,8bd9124b-132a-4d2b-a98c-bfb582669496,2025-12-30T19:31:11.92719+00:00,Suco de Manga
1466fe88-a166-4125-bf7c-a6ed14f862e5,2025-12-30T19:31:11.92719+00:00,8bd9124b-132a-4d2b-a98c-bfb582669496,2025-12-30T19:31:11.92719+00:00,Suco de Maracujá
07c27714-dd84-4246-ad81-b00c245e986a,2025-12-30T19:31:11.92719+00:00,8bd9124b-132a-4d2b-a98c-bfb582669496,2025-12-30T19:31:11.92719+00:00,Suco de Morango
2d9c8610-4d53-42fb-bcd2-d41aef4f9025,2025-12-30T19:31:11.92719+00:00,8bd9124b-132a-4d2b-a98c-bfb582669496,2025-12-30T19:31:11.92719+00:00,Suco de Pêssego
4bf51683-cb9c-43b3-99b2-e963fbe5a636,2025-12-30T19:31:11.92719+00:00,8bd9124b-132a-4d2b-a98c-bfb582669496,2025-12-30T19:31:11.92719+00:00,Suco de Tangerina
bc40eb28-676d-4eb1-bef6-4a2801d59e6e,2025-12-30T19:31:11.92719+00:00,8bd9124b-132a-4d2b-a98c-bfb582669496,2025-12-30T19:31:11.92719+00:00,Suco de Tutti-Frutti
1037c86f-4337-4cab-bbfe-657252fccc26,2025-12-30T19:31:11.92719+00:00,8bd9124b-132a-4d2b-a98c-bfb582669496,2025-12-30T19:31:11.92719+00:00,Suco de Uva
384d8716-ea32-478d-9e0d-11c7f5abcf11,2025-12-30T19:31:11.92719+00:00,48e45f47-5b9a-482f-8cba-d27c0c42a7b6,2025-12-30T19:31:11.92719+00:00,Azeite
18f27b01-cccb-4031-85d1-35c4c40c91ca,2025-12-30T19:31:11.92719+00:00,48e45f47-5b9a-482f-8cba-d27c0c42a7b6,2025-12-30T19:31:11.92719+00:00,Canela
f841831d-ff6d-4d79-827f-5e81834615e6,2025-12-30T19:31:11.92719+00:00,48e45f47-5b9a-482f-8cba-d27c0c42a7b6,2025-12-30T19:31:11.92719+00:00,Ketchup
b4cf1c9d-18bf-498f-983b-fe48ce3f5892,2025-12-30T19:31:11.92719+00:00,48e45f47-5b9a-482f-8cba-d27c0c42a7b6,2025-12-30T19:31:11.92719+00:00,Maionese
72738767-d6c5-47c9-8af9-efc28b55e8bd,2025-12-30T19:31:11.92719+00:00,48e45f47-5b9a-482f-8cba-d27c0c42a7b6,2025-12-30T19:31:11.92719+00:00,Molho de Tomate
0a50242f-8651-45ab-97a7-bc5005b85bef,2025-12-30T19:31:11.92719+00:00,48e45f47-5b9a-482f-8cba-d27c0c42a7b6,2025-12-30T19:31:11.92719+00:00,Mostarda
201054ef-eb4c-43c5-8778-a3d2d8a88875,2025-12-30T19:31:11.92719+00:00,48e45f47-5b9a-482f-8cba-d27c0c42a7b6,2025-12-30T19:31:11.92719+00:00,Orégano
c3388a41-371e-4ddb-9fd3-e98f7c54dcf0,2025-12-30T19:31:11.92719+00:00,48e45f47-5b9a-482f-8cba-d27c0c42a7b6,2025-12-30T19:31:11.92719+00:00,Vinagre
ccbb9adf-f3b6-4672-9cca-9df7da4459ce,2025-12-30T19:31:11.92719+00:00,48e45f47-5b9a-482f-8cba-d27c0c42a7b6,2025-12-30T19:31:11.92719+00:00,Gelatina de Mocotó
e879c41a-cc90-42a1-888c-dea97e4e3854,2025-12-30T19:31:11.92719+00:00,48e45f47-5b9a-482f-8cba-d27c0c42a7b6,2025-12-30T19:31:11.92719+00:00,Geleia de Mocotó
668943ff-7389-4c54-a24a-ea9b31bac221,2025-12-30T19:31:11.92719+00:00,e4d34e79-ec5b-4142-90f6-bdd0455aeef6,2025-12-30T19:31:11.92719+00:00,Carne Moída
c8e5db20-c929-4f84-949c-4d59eba29598,2025-12-30T19:31:11.92719+00:00,48e45f47-5b9a-482f-8cba-d27c0c42a7b6,2025-12-30T19:31:11.92719+00:00,Óleo
7aa9b75a-bd23-4177-9383-8c1775903a9e,2025-12-30T19:31:11.92719+00:00,48e45f47-5b9a-482f-8cba-d27c0c42a7b6,2025-12-30T19:31:11.92719+00:00,Margarina
c2ceb98b-fe71-4a69-8923-217a814db3a3,2025-12-30T19:31:11.92719+00:00,48e45f47-5b9a-482f-8cba-d27c0c42a7b6,2025-12-30T19:31:11.92719+00:00,Granola
a7687b92-5012-43fa-a0d7-29751dd7145e,2025-12-30T19:31:11.92719+00:00,18b94bfc-c85a-4642-bbda-968de217246a,2025-12-30T19:31:11.92719+00:00,Bolacha
02e4ec46-be9f-49a5-8473-d0240f572606,2025-12-30T19:31:11.92719+00:00,48e45f47-5b9a-482f-8cba-d27c0c42a7b6,2025-12-30T19:31:11.92719+00:00,Tapioca
f4be38e5-0fb7-45be-acad-43f98cb140e5,2025-12-30T19:31:11.92719+00:00,8bd9124b-132a-4d2b-a98c-bfb582669496,2025-12-30T19:31:11.92719+00:00,Refrigerante
39150e20-7010-449b-866c-5d6520e69afb,2025-12-30T19:31:11.92719+00:00,48e45f47-5b9a-482f-8cba-d27c0c42a7b6,2025-12-30T19:31:11.92719+00:00,Geleia
781e1502-2e55-451f-8f98-e10d9a456b22,2025-12-30T19:31:11.92719+00:00,18b94bfc-c85a-4642-bbda-968de217246a,2025-12-30T19:31:11.92719+00:00,Biscoito
44786192-124d-41ab-b181-1caabd8a06c8,2025-12-30T19:31:11.92719+00:00,48e45f47-5b9a-482f-8cba-d27c0c42a7b6,2025-12-30T19:31:11.92719+00:00,Rapadura
1ea15f93-5c53-4716-84b6-25f705f14f43,2025-12-30T19:31:11.92719+00:00,2c130ccc-aaf4-46f6-8bc1-7ac3623f349b,2025-12-30T19:31:11.92719+00:00,Arame recozido
bb56f636-95ac-4d9c-8ebf-b8cabdc96b0f,2025-12-30T19:31:11.92719+00:00,2c130ccc-aaf4-46f6-8bc1-7ac3623f349b,2025-12-30T19:31:11.92719+00:00,Areia lavada
0b46227f-ed54-42e0-91ed-db7f1810fdb5,2025-12-30T19:31:11.92719+00:00,2c130ccc-aaf4-46f6-8bc1-7ac3623f349b,2025-12-30T19:31:11.92719+00:00,Areia
d2495187-578f-4d83-ac5b-97b500e49faa,2025-12-30T19:31:11.92719+00:00,2c130ccc-aaf4-46f6-8bc1-7ac3623f349b,2025-12-30T19:31:11.92719+00:00,Areia Grossa
4ebecfc5-8679-44cc-927f-6d641af445e7,2025-12-30T19:31:11.92719+00:00,2c130ccc-aaf4-46f6-8bc1-7ac3623f349b,2025-12-30T19:31:11.92719+00:00,Arisco
fbd93189-717f-4677-864c-56cdf881b9b3,2025-12-30T19:31:11.92719+00:00,2c130ccc-aaf4-46f6-8bc1-7ac3623f349b,2025-12-30T19:31:11.92719+00:00,Argamassa AC-I
d9e9ddc7-b2a7-48a5-a090-e97bffb958f2,2025-12-30T19:31:11.92719+00:00,2c130ccc-aaf4-46f6-8bc1-7ac3623f349b,2025-12-30T19:31:11.92719+00:00,Argamassa AC-II
08680910-6c2e-4e9c-a7a7-5099b5ada635,2025-12-30T19:31:11.92719+00:00,2c130ccc-aaf4-46f6-8bc1-7ac3623f349b,2025-12-30T19:31:11.92719+00:00,Bloco de concreto
7d802ca2-3d24-4a44-8490-5071b59acb30,2025-12-30T19:31:11.92719+00:00,2c130ccc-aaf4-46f6-8bc1-7ac3623f349b,2025-12-30T19:31:11.92719+00:00,Brita
6c6edecd-5af2-4c34-bfef-b396b73aa430,2025-12-30T19:31:11.92719+00:00,2c130ccc-aaf4-46f6-8bc1-7ac3623f349b,2025-12-30T19:31:11.92719+00:00,Broxa
66b3dd08-1ab0-4a99-9e2f-abc4d721db9c,2025-12-30T19:31:11.92719+00:00,2c130ccc-aaf4-46f6-8bc1-7ac3623f349b,2025-12-30T19:31:11.92719+00:00,Bucha plástica
c4dc136c-826f-4037-8cc5-070abab981a9,2025-12-30T19:31:11.92719+00:00,2c130ccc-aaf4-46f6-8bc1-7ac3623f349b,2025-12-30T19:31:11.92719+00:00,Caixa sifonada
ca69927c-1a44-470c-9697-020aadab6186,2025-12-30T19:31:11.92719+00:00,2c130ccc-aaf4-46f6-8bc1-7ac3623f349b,2025-12-30T19:31:11.92719+00:00,Cal
26d1d160-2b2e-4963-904c-b3e870df6c19,2025-12-30T19:31:11.92719+00:00,2c130ccc-aaf4-46f6-8bc1-7ac3623f349b,2025-12-30T19:31:11.92719+00:00,Carrinho de mão
8bec49d5-50bf-42b9-89b3-22b74b168fd9,2025-12-30T19:31:11.92719+00:00,2c130ccc-aaf4-46f6-8bc1-7ac3623f349b,2025-12-30T19:31:11.92719+00:00,Cimento
e31c4a7f-efe5-4f8c-9d50-a610e4efba23,2025-12-30T19:31:11.92719+00:00,2c130ccc-aaf4-46f6-8bc1-7ac3623f349b,2025-12-30T19:31:11.92719+00:00,Colher de pedreiro
ec6fdae3-a0d0-4903-a5aa-0e078416b5d2,2025-12-30T19:31:11.92719+00:00,2c130ccc-aaf4-46f6-8bc1-7ac3623f349b,2025-12-30T19:31:11.92719+00:00,Curva PVC 45°
acfc97db-623c-4a36-a39f-2275d9d54e6b,2025-12-30T19:31:11.92719+00:00,2c130ccc-aaf4-46f6-8bc1-7ac3623f349b,2025-12-30T19:31:11.92719+00:00,Desempenadeira
5ffa90fd-a03a-4e94-b999-c38ced839831,2025-12-30T19:31:11.92719+00:00,2c130ccc-aaf4-46f6-8bc1-7ac3623f349b,2025-12-30T19:31:11.92719+00:00,Disjuntor bipolar 40A
0aedccd0-2a5a-4dfb-9907-5bc9be4eb3c9,2025-12-30T19:31:11.92719+00:00,2c130ccc-aaf4-46f6-8bc1-7ac3623f349b,2025-12-30T19:31:11.92719+00:00,Drywall
8cdf8fbf-7b69-4ffd-9770-57c05aafb142,2025-12-30T19:31:11.92719+00:00,2c130ccc-aaf4-46f6-8bc1-7ac3623f349b,2025-12-30T19:31:11.92719+00:00,Enxada
7ea85e23-aa26-46c9-8e3d-bdd4c2a3691e,2025-12-30T19:31:11.92719+00:00,2c130ccc-aaf4-46f6-8bc1-7ac3623f349b,2025-12-30T19:31:11.92719+00:00,Esquadro
da2931b4-69cf-4eb7-a09f-ef8c88870093,2025-12-30T19:31:11.92719+00:00,2c130ccc-aaf4-46f6-8bc1-7ac3623f349b,2025-12-30T19:31:11.92719+00:00,Fio elétrico 2.5mm
0d589281-2e88-472d-8ac9-a674b5084ef0,2025-12-30T19:31:11.92719+00:00,2c130ccc-aaf4-46f6-8bc1-7ac3623f349b,2025-12-30T19:31:11.92719+00:00,Gesso em pó
e0eddf69-32f2-4e48-ac63-49551459db93,2025-12-30T19:31:11.92719+00:00,2c130ccc-aaf4-46f6-8bc1-7ac3623f349b,2025-12-30T19:31:11.92719+00:00,Joelho PVC 90°
c293d85e-4426-4df3-8ca2-c69ed5299151,2025-12-30T19:31:11.92719+00:00,2c130ccc-aaf4-46f6-8bc1-7ac3623f349b,2025-12-30T19:31:11.92719+00:00,Marreta
d74e9c50-d5f8-4806-96e9-d3db124ada44,2025-12-30T19:31:11.92719+00:00,2c130ccc-aaf4-46f6-8bc1-7ac3623f349b,2025-12-30T19:31:11.92719+00:00,Martelo
8c048ccb-c4b1-438c-8e6c-58bf72e3760f,2025-12-30T19:31:11.92719+00:00,2c130ccc-aaf4-46f6-8bc1-7ac3623f349b,2025-12-30T19:31:11.92719+00:00,Massa corrida
4442f777-da98-4bf4-8572-56398622154a,2025-12-30T19:31:11.92719+00:00,2c130ccc-aaf4-46f6-8bc1-7ac3623f349b,2025-12-30T19:31:11.92719+00:00,Nível
68fa8167-da08-493e-bfac-be03dc6f1d0e,2025-12-30T19:31:11.92719+00:00,2c130ccc-aaf4-46f6-8bc1-7ac3623f349b,2025-12-30T19:31:11.92719+00:00,Pá cavadeira
9c929c45-2119-4954-ac4d-345a786790b5,2025-12-30T19:31:11.92719+00:00,2c130ccc-aaf4-46f6-8bc1-7ac3623f349b,2025-12-30T19:31:11.92719+00:00,Pá reta
03be1bf8-2273-45b2-b7a3-0656ba0759fd,2025-12-30T19:31:11.92719+00:00,2c130ccc-aaf4-46f6-8bc1-7ac3623f349b,2025-12-30T19:31:11.92719+00:00,Parafuso para madeira
5b573247-8a0d-497b-9f6f-a113613f2f4f,2025-12-30T19:31:11.92719+00:00,2c130ccc-aaf4-46f6-8bc1-7ac3623f349b,2025-12-30T19:31:11.92719+00:00,Pincel
e1974f62-3758-479d-a037-9125234ba688,2025-12-30T19:31:11.92719+00:00,2c130ccc-aaf4-46f6-8bc1-7ac3623f349b,2025-12-30T19:31:11.92719+00:00,Placa de gesso
097a0625-4cc0-47e3-bce1-90a95a2b3580,2025-12-30T19:31:11.92719+00:00,2c130ccc-aaf4-46f6-8bc1-7ac3623f349b,2025-12-30T19:31:11.92719+00:00,Prego 15x15
7fc488f5-5313-466e-874b-63b09edb4ddf,2025-12-30T19:31:11.92719+00:00,2c130ccc-aaf4-46f6-8bc1-7ac3623f349b,2025-12-30T19:31:11.92719+00:00,Prego 18x27
22adb78b-3e95-46f8-892c-75838e014971,2025-12-30T19:31:11.92719+00:00,2c130ccc-aaf4-46f6-8bc1-7ac3623f349b,2025-12-30T19:31:11.92719+00:00,Ralo
97de882e-4fef-466c-b97e-0402da99d6fb,2025-12-30T19:31:11.92719+00:00,2c130ccc-aaf4-46f6-8bc1-7ac3623f349b,2025-12-30T19:31:11.92719+00:00,Removedor de tinta
5f57ed35-ad00-47fc-bc1f-d2818b6abb45,2025-12-30T19:31:11.92719+00:00,2c130ccc-aaf4-46f6-8bc1-7ac3623f349b,2025-12-30T19:31:11.92719+00:00,Rolo de pintura
79c16ff5-bf62-4e58-a70d-e6accb783a99,2025-12-30T19:31:11.92719+00:00,2c130ccc-aaf4-46f6-8bc1-7ac3623f349b,2025-12-30T19:31:11.92719+00:00,Selador acrílico
8dbb887b-06a7-4e7e-9556-29063c46f7e2,2025-12-30T19:31:11.92719+00:00,2c130ccc-aaf4-46f6-8bc1-7ac3623f349b,2025-12-30T19:31:11.92719+00:00,Serrote
4225bd40-78d1-4a21-9e9a-27f52dc8f7c6,2025-12-30T19:31:11.92719+00:00,2c130ccc-aaf4-46f6-8bc1-7ac3623f349b,2025-12-30T19:31:11.92719+00:00,Telha cerâmica
bb17a3e9-4a4a-44f6-8a8e-1ee0d058336f,2025-12-30T19:31:11.92719+00:00,2c130ccc-aaf4-46f6-8bc1-7ac3623f349b,2025-12-30T19:31:11.92719+00:00,Telha de amianto
7acbfc53-7938-4259-aa36-05240dfba674,2025-12-30T19:31:11.92719+00:00,2c130ccc-aaf4-46f6-8bc1-7ac3623f349b,2025-12-30T19:31:11.92719+00:00,Tijolo baiano
28af6876-fb1a-489f-94e9-6d430b20d897,2025-12-30T19:31:11.92719+00:00,2c130ccc-aaf4-46f6-8bc1-7ac3623f349b,2025-12-30T19:31:11.92719+00:00,Tijolo comum
6dc88f55-2763-4d2b-9781-8f1fb6d483b9,2025-12-30T19:31:11.92719+00:00,2c130ccc-aaf4-46f6-8bc1-7ac3623f349b,2025-12-30T19:31:11.92719+00:00,Tinta acrílica
f96cc913-62ed-4e5e-a826-3c7b62da47f7,2025-12-30T19:31:11.92719+00:00,2c130ccc-aaf4-46f6-8bc1-7ac3623f349b,2025-12-30T19:31:11.92719+00:00,Tinta branca PVA
701c990a-9651-4b7e-ac70-bf28f287701a,2025-12-30T19:31:11.92719+00:00,2c130ccc-aaf4-46f6-8bc1-7ac3623f349b,2025-12-30T19:31:11.92719+00:00,Tomada 10A
634bf035-6c81-41c7-81e1-4b1fe3a93b1f,2025-12-30T19:31:11.92719+00:00,2c130ccc-aaf4-46f6-8bc1-7ac3623f349b,2025-12-30T19:31:11.92719+00:00,Trincha
df46d8dd-b1d6-4611-9e1a-f9a1ecc88ce0,2025-12-30T19:31:11.92719+00:00,2c130ccc-aaf4-46f6-8bc1-7ac3623f349b,2025-12-30T19:31:11.92719+00:00,Tubo PVC 100mm
2ee50765-d4e2-4b34-bfa5-6ac09e6cb538,2025-12-30T19:31:11.92719+00:00,2c130ccc-aaf4-46f6-8bc1-7ac3623f349b,2025-12-30T19:31:11.92719+00:00,Tubo PVC 50mm
c938eee5-2824-4029-8ec6-097fd759ee09,2025-12-30T19:31:11.92719+00:00,2c130ccc-aaf4-46f6-8bc1-7ac3623f349b,2025-12-30T19:31:11.92719+00:00,Vergalhão
16ae571e-f123-46d1-8bb5-8976d5074382,2025-12-30T19:31:11.92719+00:00,2c130ccc-aaf4-46f6-8bc1-7ac3623f349b,2025-12-30T19:31:11.92719+00:00,Verniz
